id,surah,ayah in surah,start of ruku
1,1,1,Y
2,1,2,N
3,1,3,N
4,1,4,N
5,1,5,N
6,1,6,N
7,1,7,N
8,2,1,Y
9,2,2,N
10,2,3,N
11,2,4,N
12,2,5,N
13,2,6,N
14,2,7,N
15,2,8,Y
16,2,9,N
17,2,10,N
18,2,11,N
19,2,12,N
20,2,13,N
21,2,14,N
22,2,15,N
23,2,16,N
24,2,17,N
25,2,18,N
26,2,19,N
27,2,20,N
28,2,21,Y
29,2,22,N
30,2,23,N
31,2,24,N
32,2,25,N
33,2,26,N
34,2,27,N
35,2,28,N
36,2,29,N
37,2,30,Y
38,2,31,N
39,2,32,N
40,2,33,N
41,2,34,N
42,2,35,N
43,2,36,N
44,2,37,N
45,2,38,N
46,2,39,N
47,2,40,Y
48,2,41,N
49,2,42,N
50,2,43,N
51,2,44,N
52,2,45,N
53,2,46,N
54,2,47,Y
55,2,48,N
56,2,49,N
57,2,50,N
58,2,51,N
59,2,52,N
60,2,53,N
61,2,54,N
62,2,55,N
63,2,56,N
64,2,57,N
65,2,58,N
66,2,59,N
67,2,60,Y
68,2,61,N
69,2,62,Y
70,2,63,N
71,2,64,N
72,2,65,N
73,2,66,N
74,2,67,N
75,2,68,N
76,2,69,N
77,2,70,N
78,2,71,N
79,2,72,Y
80,2,73,N
81,2,74,N
82,2,75,N
83,2,76,N
84,2,77,N
85,2,78,N
86,2,79,N
87,2,80,N
88,2,81,N
89,2,82,N
90,2,83,Y
91,2,84,N
92,2,85,N
93,2,86,N
94,2,87,Y
95,2,88,N
96,2,89,N
97,2,90,N
98,2,91,N
99,2,92,N
100,2,93,N
101,2,94,N
102,2,95,N
103,2,96,N
104,2,97,Y
105,2,98,N
106,2,99,N
107,2,100,N
108,2,101,N
109,2,102,N
110,2,103,N
111,2,104,Y
112,2,105,N
113,2,106,N
114,2,107,N
115,2,108,N
116,2,109,N
117,2,110,N
118,2,111,N
119,2,112,N
120,2,113,Y
121,2,114,N
122,2,115,N
123,2,116,N
124,2,117,N
125,2,118,N
126,2,119,N
127,2,120,N
128,2,121,N
129,2,122,Y
130,2,123,N
131,2,124,N
132,2,125,N
133,2,126,N
134,2,127,N
135,2,128,N
136,2,129,N
137,2,130,Y
138,2,131,N
139,2,132,N
140,2,133,N
141,2,134,N
142,2,135,N
143,2,136,N
144,2,137,N
145,2,138,N
146,2,139,N
147,2,140,N
148,2,141,N
149,2,142,Y
150,2,143,N
151,2,144,N
152,2,145,N
153,2,146,N
154,2,147,N
155,2,148,Y
156,2,149,N
157,2,150,N
158,2,151,N
159,2,152,N
160,2,153,Y
161,2,154,N
162,2,155,N
163,2,156,N
164,2,157,N
165,2,158,N
166,2,159,N
167,2,160,N
168,2,161,N
169,2,162,N
170,2,163,N
171,2,164,Y
172,2,165,N
173,2,166,N
174,2,167,N
175,2,168,Y
176,2,169,N
177,2,170,N
178,2,171,N
179,2,172,N
180,2,173,N
181,2,174,N
182,2,175,N
183,2,176,N
184,2,177,Y
185,2,178,N
186,2,179,N
187,2,180,N
188,2,181,N
189,2,182,N
190,2,183,Y
191,2,184,N
192,2,185,N
193,2,186,N
194,2,187,N
195,2,188,N
196,2,189,Y
197,2,190,N
198,2,191,N
199,2,192,N
200,2,193,N
201,2,194,N
202,2,195,N
203,2,196,N
204,2,197,Y
205,2,198,N
206,2,199,N
207,2,200,N
208,2,201,N
209,2,202,N
210,2,203,N
211,2,204,N
212,2,205,N
213,2,206,N
214,2,207,N
215,2,208,N
216,2,209,N
217,2,210,N
218,2,211,Y
219,2,212,N
220,2,213,N
221,2,214,N
222,2,215,N
223,2,216,N
224,2,217,Y
225,2,218,N
226,2,219,N
227,2,220,N
228,2,221,N
229,2,222,Y
230,2,223,N
231,2,224,N
232,2,225,N
233,2,226,N
234,2,227,N
235,2,228,N
236,2,229,Y
237,2,230,N
238,2,231,N
239,2,232,Y
240,2,233,N
241,2,234,N
242,2,235,N
243,2,236,Y
244,2,237,N
245,2,238,N
246,2,239,N
247,2,240,N
248,2,241,N
249,2,242,N
250,2,243,N
251,2,244,N
252,2,245,Y
253,2,246,N
254,2,247,N
255,2,248,N
256,2,249,Y
257,2,250,N
258,2,251,N
259,2,252,N
260,2,253,N
261,2,254,Y
262,2,255,N
263,2,256,N
264,2,257,N
265,2,258,Y
266,2,259,N
267,2,260,N
268,2,261,Y
269,2,262,N
270,2,263,N
271,2,264,N
272,2,265,N
273,2,266,N
274,2,267,Y
275,2,268,N
276,2,269,N
277,2,270,N
278,2,271,N
279,2,272,N
280,2,273,N
281,2,274,Y
282,2,275,N
283,2,276,N
284,2,277,N
285,2,278,N
286,2,279,N
287,2,280,N
288,2,281,N
289,2,282,Y
290,2,283,N
291,2,284,Y
292,2,285,N
293,2,286,N
294,3,1,Y
295,3,2,N
296,3,3,N
297,3,4,N
298,3,5,N
299,3,6,N
300,3,7,N
301,3,8,N
302,3,9,N
303,3,10,Y
304,3,11,N
305,3,12,N
306,3,13,N
307,3,14,N
308,3,15,N
309,3,16,N
310,3,17,N
311,3,18,N
312,3,19,N
313,3,20,N
314,3,21,Y
315,3,22,N
316,3,23,N
317,3,24,N
318,3,25,N
319,3,26,N
320,3,27,N
321,3,28,N
322,3,29,N
323,3,30,N
324,3,31,Y
325,3,32,N
326,3,33,N
327,3,34,N
328,3,35,N
329,3,36,N
330,3,37,N
331,3,38,N
332,3,39,N
333,3,40,N
334,3,41,N
335,3,42,Y
336,3,43,N
337,3,44,N
338,3,45,N
339,3,46,N
340,3,47,N
341,3,48,N
342,3,49,N
343,3,50,N
344,3,51,N
345,3,52,N
346,3,53,N
347,3,54,N
348,3,55,Y
349,3,56,N
350,3,57,N
351,3,58,N
352,3,59,N
353,3,60,N
354,3,61,N
355,3,62,N
356,3,63,N
357,3,64,Y
358,3,65,N
359,3,66,N
360,3,67,N
361,3,68,N
362,3,69,N
363,3,70,N
364,3,71,N
365,3,72,Y
366,3,73,N
367,3,74,N
368,3,75,N
369,3,76,N
370,3,77,N
371,3,78,N
372,3,79,N
373,3,80,N
374,3,81,Y
375,3,82,N
376,3,83,N
377,3,84,N
378,3,85,N
379,3,86,N
380,3,87,N
381,3,88,N
382,3,89,N
383,3,90,N
384,3,91,N
385,3,92,Y
386,3,93,N
387,3,94,N
388,3,95,N
389,3,96,N
390,3,97,N
391,3,98,N
392,3,99,N
393,3,100,N
394,3,101,N
395,3,102,Y
396,3,103,N
397,3,104,N
398,3,105,N
399,3,106,N
400,3,107,N
401,3,108,N
402,3,109,N
403,3,110,Y
404,3,111,N
405,3,112,N
406,3,113,N
407,3,114,N
408,3,115,N
409,3,116,N
410,3,117,N
411,3,118,N
412,3,119,N
413,3,120,N
414,3,121,Y
415,3,122,N
416,3,123,N
417,3,124,N
418,3,125,N
419,3,126,N
420,3,127,N
421,3,128,N
422,3,129,N
423,3,130,Y
424,3,131,N
425,3,132,N
426,3,133,N
427,3,134,N
428,3,135,N
429,3,136,N
430,3,137,N
431,3,138,N
432,3,139,N
433,3,140,N
434,3,141,N
435,3,142,N
436,3,143,N
437,3,144,Y
438,3,145,N
439,3,146,N
440,3,147,N
441,3,148,N
442,3,149,Y
443,3,150,N
444,3,151,N
445,3,152,N
446,3,153,N
447,3,154,N
448,3,155,N
449,3,156,Y
450,3,157,N
451,3,158,N
452,3,159,N
453,3,160,N
454,3,161,N
455,3,162,N
456,3,163,N
457,3,164,N
458,3,165,N
459,3,166,N
460,3,167,N
461,3,168,N
462,3,169,N
463,3,170,N
464,3,171,N
465,3,172,Y
466,3,173,N
467,3,174,N
468,3,175,N
469,3,176,N
470,3,177,N
471,3,178,N
472,3,179,N
473,3,180,N
474,3,181,Y
475,3,182,N
476,3,183,N
477,3,184,N
478,3,185,N
479,3,186,N
480,3,187,N
481,3,188,N
482,3,189,N
483,3,190,Y
484,3,191,N
485,3,192,N
486,3,193,N
487,3,194,N
488,3,195,N
489,3,196,N
490,3,197,N
491,3,198,N
492,3,199,N
493,3,200,N
494,4,1,Y
495,4,2,N
496,4,3,N
497,4,4,N
498,4,5,N
499,4,6,N
500,4,7,N
501,4,8,N
502,4,9,N
503,4,10,N
504,4,11,Y
505,4,12,N
506,4,13,N
507,4,14,N
508,4,15,Y
509,4,16,N
510,4,17,N
511,4,18,N
512,4,19,N
513,4,20,N
514,4,21,N
515,4,22,N
516,4,23,Y
517,4,24,N
518,4,25,N
519,4,26,Y
520,4,27,N
521,4,28,N
522,4,29,N
523,4,30,N
524,4,31,N
525,4,32,N
526,4,33,N
527,4,34,Y
528,4,35,N
529,4,36,N
530,4,37,N
531,4,38,N
532,4,39,N
533,4,40,N
534,4,41,N
535,4,42,N
536,4,43,Y
537,4,44,N
538,4,45,N
539,4,46,N
540,4,47,N
541,4,48,N
542,4,49,N
543,4,50,N
544,4,51,Y
545,4,52,N
546,4,53,N
547,4,54,N
548,4,55,N
549,4,56,N
550,4,57,N
551,4,58,N
552,4,59,N
553,4,60,Y
554,4,61,N
555,4,62,N
556,4,63,N
557,4,64,N
558,4,65,N
559,4,66,N
560,4,67,N
561,4,68,N
562,4,69,N
563,4,70,N
564,4,71,Y
565,4,72,N
566,4,73,N
567,4,74,N
568,4,75,N
569,4,76,N
570,4,77,Y
571,4,78,N
572,4,79,N
573,4,80,N
574,4,81,N
575,4,82,N
576,4,83,N
577,4,84,N
578,4,85,N
579,4,86,N
580,4,87,N
581,4,88,Y
582,4,89,N
583,4,90,N
584,4,91,N
585,4,92,Y
586,4,93,N
587,4,94,N
588,4,95,N
589,4,96,N
590,4,97,Y
591,4,98,N
592,4,99,N
593,4,100,N
594,4,101,Y
595,4,102,N
596,4,103,N
597,4,104,N
598,4,105,Y
599,4,106,N
600,4,107,N
601,4,108,N
602,4,109,N
603,4,110,N
604,4,111,N
605,4,112,N
606,4,113,Y
607,4,114,N
608,4,115,N
609,4,116,Y
610,4,117,N
611,4,118,N
612,4,119,N
613,4,120,N
614,4,121,N
615,4,122,N
616,4,123,N
617,4,124,N
618,4,125,N
619,4,126,N
620,4,127,Y
621,4,128,N
622,4,129,N
623,4,130,N
624,4,131,N
625,4,132,N
626,4,133,N
627,4,134,N
628,4,135,Y
629,4,136,N
630,4,137,N
631,4,138,N
632,4,139,N
633,4,140,N
634,4,141,N
635,4,142,Y
636,4,143,N
637,4,144,N
638,4,145,N
639,4,146,N
640,4,147,N
641,4,148,N
642,4,149,N
643,4,150,N
644,4,151,N
645,4,152,N
646,4,153,Y
647,4,154,N
648,4,155,N
649,4,156,N
650,4,157,N
651,4,158,N
652,4,159,N
653,4,160,N
654,4,161,N
655,4,162,N
656,4,163,Y
657,4,164,N
658,4,165,N
659,4,166,N
660,4,167,N
661,4,168,N
662,4,169,N
663,4,170,N
664,4,171,N
665,4,172,Y
666,4,173,N
667,4,174,N
668,4,175,N
669,4,176,N
670,5,1,Y
671,5,2,N
672,5,3,N
673,5,4,N
674,5,5,N
675,5,6,Y
676,5,7,N
677,5,8,N
678,5,9,N
679,5,10,N
680,5,11,N
681,5,12,Y
682,5,13,N
683,5,14,N
684,5,15,N
685,5,16,N
686,5,17,N
687,5,18,N
688,5,19,N
689,5,20,Y
690,5,21,N
691,5,22,N
692,5,23,N
693,5,24,N
694,5,25,N
695,5,26,N
696,5,27,Y
697,5,28,N
698,5,29,N
699,5,30,N
700,5,31,N
701,5,32,N
702,5,33,N
703,5,34,N
704,5,35,Y
705,5,36,N
706,5,37,N
707,5,38,N
708,5,39,N
709,5,40,N
710,5,41,N
711,5,42,N
712,5,43,N
713,5,44,Y
714,5,45,N
715,5,46,N
716,5,47,N
717,5,48,N
718,5,49,N
719,5,50,N
720,5,51,Y
721,5,52,N
722,5,53,N
723,5,54,N
724,5,55,N
725,5,56,N
726,5,57,Y
727,5,58,N
728,5,59,N
729,5,60,N
730,5,61,N
731,5,62,N
732,5,63,N
733,5,64,N
734,5,65,N
735,5,66,N
736,5,67,Y
737,5,68,N
738,5,69,N
739,5,70,N
740,5,71,N
741,5,72,N
742,5,73,N
743,5,74,N
744,5,75,N
745,5,76,N
746,5,77,N
747,5,78,Y
748,5,79,N
749,5,80,N
750,5,81,N
751,5,82,N
752,5,83,N
753,5,84,N
754,5,85,N
755,5,86,N
756,5,87,Y
757,5,88,N
758,5,89,N
759,5,90,N
760,5,91,N
761,5,92,N
762,5,93,N
763,5,94,Y
764,5,95,N
765,5,96,N
766,5,97,N
767,5,98,N
768,5,99,N
769,5,100,N
770,5,101,Y
771,5,102,N
772,5,103,N
773,5,104,N
774,5,105,N
775,5,106,N
776,5,107,N
777,5,108,N
778,5,109,Y
779,5,110,N
780,5,111,N
781,5,112,N
782,5,113,N
783,5,114,N
784,5,115,N
785,5,116,Y
786,5,117,N
787,5,118,N
788,5,119,N
789,5,120,N
790,6,1,Y
791,6,2,N
792,6,3,N
793,6,4,N
794,6,5,N
795,6,6,N
796,6,7,N
797,6,8,N
798,6,9,N
799,6,10,N
800,6,11,Y
801,6,12,N
802,6,13,N
803,6,14,N
804,6,15,N
805,6,16,N
806,6,17,N
807,6,18,N
808,6,19,N
809,6,20,N
810,6,21,Y
811,6,22,N
812,6,23,N
813,6,24,N
814,6,25,N
815,6,26,N
816,6,27,N
817,6,28,N
818,6,29,N
819,6,30,N
820,6,31,Y
821,6,32,N
822,6,33,N
823,6,34,N
824,6,35,N
825,6,36,N
826,6,37,N
827,6,38,N
828,6,39,N
829,6,40,N
830,6,41,N
831,6,42,Y
832,6,43,N
833,6,44,N
834,6,45,N
835,6,46,N
836,6,47,N
837,6,48,N
838,6,49,N
839,6,50,N
840,6,51,Y
841,6,52,N
842,6,53,N
843,6,54,N
844,6,55,N
845,6,56,Y
846,6,57,N
847,6,58,N
848,6,59,N
849,6,60,N
850,6,61,Y
851,6,62,N
852,6,63,N
853,6,64,N
854,6,65,N
855,6,66,N
856,6,67,N
857,6,68,N
858,6,69,N
859,6,70,N
860,6,71,Y
861,6,72,N
862,6,73,N
863,6,74,N
864,6,75,N
865,6,76,N
866,6,77,N
867,6,78,N
868,6,79,N
869,6,80,N
870,6,81,N
871,6,82,N
872,6,83,Y
873,6,84,N
874,6,85,N
875,6,86,N
876,6,87,N
877,6,88,N
878,6,89,N
879,6,90,N
880,6,91,Y
881,6,92,N
882,6,93,N
883,6,94,N
884,6,95,Y
885,6,96,N
886,6,97,N
887,6,98,N
888,6,99,N
889,6,100,N
890,6,101,Y
891,6,102,N
892,6,103,N
893,6,104,N
894,6,105,N
895,6,106,N
896,6,107,N
897,6,108,N
898,6,109,N
899,6,110,N
900,6,111,Y
901,6,112,N
902,6,113,N
903,6,114,N
904,6,115,N
905,6,116,N
906,6,117,N
907,6,118,N
908,6,119,N
909,6,120,N
910,6,121,N
911,6,122,Y
912,6,123,N
913,6,124,N
914,6,125,N
915,6,126,N
916,6,127,N
917,6,128,N
918,6,129,N
919,6,130,Y
920,6,131,N
921,6,132,N
922,6,133,N
923,6,134,N
924,6,135,N
925,6,136,N
926,6,137,N
927,6,138,N
928,6,139,N
929,6,140,N
930,6,141,Y
931,6,142,N
932,6,143,N
933,6,144,N
934,6,145,Y
935,6,146,N
936,6,147,N
937,6,148,N
938,6,149,N
939,6,150,N
940,6,151,Y
941,6,152,N
942,6,153,N
943,6,154,N
944,6,155,Y
945,6,156,N
946,6,157,N
947,6,158,N
948,6,159,N
949,6,160,N
950,6,161,N
951,6,162,N
952,6,163,N
953,6,164,N
954,6,165,N
955,7,1,Y
956,7,2,N
957,7,3,N
958,7,4,N
959,7,5,N
960,7,6,N
961,7,7,N
962,7,8,N
963,7,9,N
964,7,10,N
965,7,11,Y
966,7,12,N
967,7,13,N
968,7,14,N
969,7,15,N
970,7,16,N
971,7,17,N
972,7,18,N
973,7,19,N
974,7,20,N
975,7,21,N
976,7,22,N
977,7,23,N
978,7,24,N
979,7,25,N
980,7,26,Y
981,7,27,N
982,7,28,N
983,7,29,N
984,7,30,N
985,7,31,N
986,7,32,Y
987,7,33,N
988,7,34,N
989,7,35,N
990,7,36,N
991,7,37,N
992,7,38,N
993,7,39,N
994,7,40,Y
995,7,41,N
996,7,42,N
997,7,43,N
998,7,44,N
999,7,45,N
1000,7,46,N
1001,7,47,N
1002,7,48,Y
1003,7,49,N
1004,7,50,N
1005,7,51,N
1006,7,52,N
1007,7,53,N
1008,7,54,Y
1009,7,55,N
1010,7,56,N
1011,7,57,N
1012,7,58,N
1013,7,59,Y
1014,7,60,N
1015,7,61,N
1016,7,62,N
1017,7,63,N
1018,7,64,N
1019,7,65,Y
1020,7,66,N
1021,7,67,N
1022,7,68,N
1023,7,69,N
1024,7,70,N
1025,7,71,N
1026,7,72,N
1027,7,73,Y
1028,7,74,N
1029,7,75,N
1030,7,76,N
1031,7,77,N
1032,7,78,N
1033,7,79,N
1034,7,80,N
1035,7,81,N
1036,7,82,N
1037,7,83,N
1038,7,84,N
1039,7,85,Y
1040,7,86,N
1041,7,87,N
1042,7,88,N
1043,7,89,N
1044,7,90,N
1045,7,91,N
1046,7,92,N
1047,7,93,N
1048,7,94,Y
1049,7,95,N
1050,7,96,N
1051,7,97,N
1052,7,98,N
1053,7,99,N
1054,7,100,Y
1055,7,101,N
1056,7,102,N
1057,7,103,N
1058,7,104,N
1059,7,105,N
1060,7,106,N
1061,7,107,N
1062,7,108,N
1063,7,109,Y
1064,7,110,N
1065,7,111,N
1066,7,112,N
1067,7,113,N
1068,7,114,N
1069,7,115,N
1070,7,116,N
1071,7,117,N
1072,7,118,N
1073,7,119,N
1074,7,120,N
1075,7,121,N
1076,7,122,N
1077,7,123,N
1078,7,124,N
1079,7,125,N
1080,7,126,N
1081,7,127,Y
1082,7,128,N
1083,7,129,N
1084,7,130,Y
1085,7,131,N
1086,7,132,N
1087,7,133,N
1088,7,134,N
1089,7,135,N
1090,7,136,N
1091,7,137,N
1092,7,138,N
1093,7,139,N
1094,7,140,N
1095,7,141,N
1096,7,142,Y
1097,7,143,N
1098,7,144,N
1099,7,145,N
1100,7,146,N
1101,7,147,N
1102,7,148,Y
1103,7,149,N
1104,7,150,N
1105,7,151,N
1106,7,152,Y
1107,7,153,N
1108,7,154,N
1109,7,155,N
1110,7,156,N
1111,7,157,N
1112,7,158,Y
1113,7,159,N
1114,7,160,N
1115,7,161,N
1116,7,162,N
1117,7,163,Y
1118,7,164,N
1119,7,165,N
1120,7,166,N
1121,7,167,N
1122,7,168,N
1123,7,169,N
1124,7,170,N
1125,7,171,N
1126,7,172,Y
1127,7,173,N
1128,7,174,N
1129,7,175,N
1130,7,176,N
1131,7,177,N
1132,7,178,N
1133,7,179,N
1134,7,180,N
1135,7,181,N
1136,7,182,Y
1137,7,183,N
1138,7,184,N
1139,7,185,N
1140,7,186,N
1141,7,187,N
1142,7,188,N
1143,7,189,Y
1144,7,190,N
1145,7,191,N
1146,7,192,N
1147,7,193,N
1148,7,194,N
1149,7,195,N
1150,7,196,N
1151,7,197,N
1152,7,198,N
1153,7,199,N
1154,7,200,N
1155,7,201,N
1156,7,202,N
1157,7,203,N
1158,7,204,N
1159,7,205,N
1160,7,206,N
1161,8,1,Y
1162,8,2,N
1163,8,3,N
1164,8,4,N
1165,8,5,N
1166,8,6,N
1167,8,7,N
1168,8,8,N
1169,8,9,N
1170,8,10,N
1171,8,11,N
1172,8,12,N
1173,8,13,N
1174,8,14,N
1175,8,15,N
1176,8,16,N
1177,8,17,N
1178,8,18,N
1179,8,19,N
1180,8,20,N
1181,8,21,N
1182,8,22,N
1183,8,23,N
1184,8,24,N
1185,8,25,N
1186,8,26,N
1187,8,27,N
1188,8,28,N
1189,8,29,N
1190,8,30,N
1191,8,31,N
1192,8,32,N
1193,8,33,N
1194,8,34,N
1195,8,35,N
1196,8,36,N
1197,8,37,N
1198,8,38,N
1199,8,39,N
1200,8,40,N
1201,8,41,N
1202,8,42,N
1203,8,43,N
1204,8,44,N
1205,8,45,N
1206,8,46,N
1207,8,47,N
1208,8,48,N
1209,8,49,N
1210,8,50,N
1211,8,51,N
1212,8,52,N
1213,8,53,N
1214,8,54,N
1215,8,55,N
1216,8,56,N
1217,8,57,N
1218,8,58,N
1219,8,59,N
1220,8,60,N
1221,8,61,N
1222,8,62,N
1223,8,63,N
1224,8,64,N
1225,8,65,N
1226,8,66,N
1227,8,67,N
1228,8,68,N
1229,8,69,N
1230,8,70,N
1231,8,71,N
1232,8,72,N
1233,8,73,N
1234,8,74,N
1235,8,75,N
1236,9,1,Y
1237,9,2,N
1238,9,3,N
1239,9,4,N
1240,9,5,N
1241,9,6,N
1242,9,7,N
1243,9,8,N
1244,9,9,N
1245,9,10,N
1246,9,11,N
1247,9,12,N
1248,9,13,N
1249,9,14,N
1250,9,15,N
1251,9,16,N
1252,9,17,N
1253,9,18,N
1254,9,19,N
1255,9,20,N
1256,9,21,N
1257,9,22,N
1258,9,23,N
1259,9,24,N
1260,9,25,N
1261,9,26,N
1262,9,27,N
1263,9,28,N
1264,9,29,N
1265,9,30,N
1266,9,31,N
1267,9,32,N
1268,9,33,N
1269,9,34,N
1270,9,35,N
1271,9,36,N
1272,9,37,N
1273,9,38,N
1274,9,39,N
1275,9,40,N
1276,9,41,N
1277,9,42,N
1278,9,43,N
1279,9,44,N
1280,9,45,N
1281,9,46,N
1282,9,47,N
1283,9,48,N
1284,9,49,N
1285,9,50,N
1286,9,51,N
1287,9,52,N
1288,9,53,N
1289,9,54,N
1290,9,55,N
1291,9,56,N
1292,9,57,N
1293,9,58,N
1294,9,59,N
1295,9,60,N
1296,9,61,N
1297,9,62,N
1298,9,63,N
1299,9,64,N
1300,9,65,N
1301,9,66,N
1302,9,67,N
1303,9,68,N
1304,9,69,N
1305,9,70,N
1306,9,71,N
1307,9,72,N
1308,9,73,N
1309,9,74,N
1310,9,75,N
1311,9,76,N
1312,9,77,N
1313,9,78,N
1314,9,79,N
1315,9,80,N
1316,9,81,N
1317,9,82,N
1318,9,83,N
1319,9,84,N
1320,9,85,N
1321,9,86,N
1322,9,87,N
1323,9,88,N
1324,9,89,N
1325,9,90,N
1326,9,91,N
1327,9,92,N
1328,9,93,N
1329,9,94,N
1330,9,95,N
1331,9,96,N
1332,9,97,N
1333,9,98,N
1334,9,99,N
1335,9,100,N
1336,9,101,N
1337,9,102,N
1338,9,103,N
1339,9,104,N
1340,9,105,N
1341,9,106,N
1342,9,107,N
1343,9,108,N
1344,9,109,N
1345,9,110,N
1346,9,111,N
1347,9,112,N
1348,9,113,N
1349,9,114,N
1350,9,115,N
1351,9,116,N
1352,9,117,N
1353,9,118,N
1354,9,119,N
1355,9,120,N
1356,9,121,N
1357,9,122,N
1358,9,123,N
1359,9,124,N
1360,9,125,N
1361,9,126,N
1362,9,127,N
1363,9,128,N
1364,9,129,N
1365,10,1,Y
1366,10,2,N
1367,10,3,N
1368,10,4,N
1369,10,5,N
1370,10,6,N
1371,10,7,N
1372,10,8,N
1373,10,9,N
1374,10,10,N
1375,10,11,N
1376,10,12,N
1377,10,13,N
1378,10,14,N
1379,10,15,N
1380,10,16,N
1381,10,17,N
1382,10,18,N
1383,10,19,N
1384,10,20,N
1385,10,21,N
1386,10,22,N
1387,10,23,N
1388,10,24,N
1389,10,25,N
1390,10,26,N
1391,10,27,N
1392,10,28,N
1393,10,29,N
1394,10,30,N
1395,10,31,N
1396,10,32,N
1397,10,33,N
1398,10,34,N
1399,10,35,N
1400,10,36,N
1401,10,37,N
1402,10,38,N
1403,10,39,N
1404,10,40,N
1405,10,41,N
1406,10,42,N
1407,10,43,N
1408,10,44,N
1409,10,45,N
1410,10,46,N
1411,10,47,N
1412,10,48,N
1413,10,49,N
1414,10,50,N
1415,10,51,N
1416,10,52,N
1417,10,53,N
1418,10,54,N
1419,10,55,N
1420,10,56,N
1421,10,57,N
1422,10,58,N
1423,10,59,N
1424,10,60,N
1425,10,61,N
1426,10,62,N
1427,10,63,N
1428,10,64,N
1429,10,65,N
1430,10,66,N
1431,10,67,N
1432,10,68,N
1433,10,69,N
1434,10,70,N
1435,10,71,N
1436,10,72,N
1437,10,73,N
1438,10,74,N
1439,10,75,N
1440,10,76,N
1441,10,77,N
1442,10,78,N
1443,10,79,N
1444,10,80,N
1445,10,81,N
1446,10,82,N
1447,10,83,N
1448,10,84,N
1449,10,85,N
1450,10,86,N
1451,10,87,N
1452,10,88,N
1453,10,89,N
1454,10,90,N
1455,10,91,N
1456,10,92,N
1457,10,93,N
1458,10,94,N
1459,10,95,N
1460,10,96,N
1461,10,97,N
1462,10,98,N
1463,10,99,N
1464,10,100,N
1465,10,101,N
1466,10,102,N
1467,10,103,N
1468,10,104,N
1469,10,105,N
1470,10,106,N
1471,10,107,N
1472,10,108,N
1473,10,109,N
1474,11,1,Y
1475,11,2,N
1476,11,3,N
1477,11,4,N
1478,11,5,N
1479,11,6,N
1480,11,7,N
1481,11,8,N
1482,11,9,N
1483,11,10,N
1484,11,11,N
1485,11,12,N
1486,11,13,N
1487,11,14,N
1488,11,15,N
1489,11,16,N
1490,11,17,N
1491,11,18,N
1492,11,19,N
1493,11,20,N
1494,11,21,N
1495,11,22,N
1496,11,23,N
1497,11,24,N
1498,11,25,N
1499,11,26,N
1500,11,27,N
1501,11,28,N
1502,11,29,N
1503,11,30,N
1504,11,31,N
1505,11,32,N
1506,11,33,N
1507,11,34,N
1508,11,35,N
1509,11,36,N
1510,11,37,N
1511,11,38,N
1512,11,39,N
1513,11,40,N
1514,11,41,N
1515,11,42,N
1516,11,43,N
1517,11,44,N
1518,11,45,N
1519,11,46,N
1520,11,47,N
1521,11,48,N
1522,11,49,N
1523,11,50,N
1524,11,51,N
1525,11,52,N
1526,11,53,N
1527,11,54,N
1528,11,55,N
1529,11,56,N
1530,11,57,N
1531,11,58,N
1532,11,59,N
1533,11,60,N
1534,11,61,N
1535,11,62,N
1536,11,63,N
1537,11,64,N
1538,11,65,N
1539,11,66,N
1540,11,67,N
1541,11,68,N
1542,11,69,N
1543,11,70,N
1544,11,71,N
1545,11,72,N
1546,11,73,N
1547,11,74,N
1548,11,75,N
1549,11,76,N
1550,11,77,N
1551,11,78,N
1552,11,79,N
1553,11,80,N
1554,11,81,N
1555,11,82,N
1556,11,83,N
1557,11,84,N
1558,11,85,N
1559,11,86,N
1560,11,87,N
1561,11,88,N
1562,11,89,N
1563,11,90,N
1564,11,91,N
1565,11,92,N
1566,11,93,N
1567,11,94,N
1568,11,95,N
1569,11,96,N
1570,11,97,N
1571,11,98,N
1572,11,99,N
1573,11,100,N
1574,11,101,N
1575,11,102,N
1576,11,103,N
1577,11,104,N
1578,11,105,N
1579,11,106,N
1580,11,107,N
1581,11,108,N
1582,11,109,N
1583,11,110,N
1584,11,111,N
1585,11,112,N
1586,11,113,N
1587,11,114,N
1588,11,115,N
1589,11,116,N
1590,11,117,N
1591,11,118,N
1592,11,119,N
1593,11,120,N
1594,11,121,N
1595,11,122,N
1596,11,123,N
1597,12,1,Y
1598,12,2,N
1599,12,3,N
1600,12,4,N
1601,12,5,N
1602,12,6,N
1603,12,7,N
1604,12,8,N
1605,12,9,N
1606,12,10,N
1607,12,11,N
1608,12,12,N
1609,12,13,N
1610,12,14,N
1611,12,15,N
1612,12,16,N
1613,12,17,N
1614,12,18,N
1615,12,19,N
1616,12,20,N
1617,12,21,N
1618,12,22,N
1619,12,23,N
1620,12,24,N
1621,12,25,N
1622,12,26,N
1623,12,27,N
1624,12,28,N
1625,12,29,N
1626,12,30,N
1627,12,31,N
1628,12,32,N
1629,12,33,N
1630,12,34,N
1631,12,35,N
1632,12,36,N
1633,12,37,N
1634,12,38,N
1635,12,39,N
1636,12,40,N
1637,12,41,N
1638,12,42,N
1639,12,43,N
1640,12,44,N
1641,12,45,N
1642,12,46,N
1643,12,47,N
1644,12,48,N
1645,12,49,N
1646,12,50,N
1647,12,51,N
1648,12,52,N
1649,12,53,N
1650,12,54,N
1651,12,55,N
1652,12,56,N
1653,12,57,N
1654,12,58,N
1655,12,59,N
1656,12,60,N
1657,12,61,N
1658,12,62,N
1659,12,63,N
1660,12,64,N
1661,12,65,N
1662,12,66,N
1663,12,67,N
1664,12,68,N
1665,12,69,N
1666,12,70,N
1667,12,71,N
1668,12,72,N
1669,12,73,N
1670,12,74,N
1671,12,75,N
1672,12,76,N
1673,12,77,N
1674,12,78,N
1675,12,79,N
1676,12,80,N
1677,12,81,N
1678,12,82,N
1679,12,83,N
1680,12,84,N
1681,12,85,N
1682,12,86,N
1683,12,87,N
1684,12,88,N
1685,12,89,N
1686,12,90,N
1687,12,91,N
1688,12,92,N
1689,12,93,N
1690,12,94,N
1691,12,95,N
1692,12,96,N
1693,12,97,N
1694,12,98,N
1695,12,99,N
1696,12,100,N
1697,12,101,N
1698,12,102,N
1699,12,103,N
1700,12,104,N
1701,12,105,N
1702,12,106,N
1703,12,107,N
1704,12,108,N
1705,12,109,N
1706,12,110,N
1707,12,111,N
1708,13,1,Y
1709,13,2,N
1710,13,3,N
1711,13,4,N
1712,13,5,N
1713,13,6,N
1714,13,7,N
1715,13,8,N
1716,13,9,N
1717,13,10,N
1718,13,11,N
1719,13,12,N
1720,13,13,N
1721,13,14,N
1722,13,15,N
1723,13,16,N
1724,13,17,N
1725,13,18,N
1726,13,19,N
1727,13,20,N
1728,13,21,N
1729,13,22,N
1730,13,23,N
1731,13,24,N
1732,13,25,N
1733,13,26,N
1734,13,27,N
1735,13,28,N
1736,13,29,N
1737,13,30,N
1738,13,31,N
1739,13,32,N
1740,13,33,N
1741,13,34,N
1742,13,35,N
1743,13,36,N
1744,13,37,N
1745,13,38,N
1746,13,39,N
1747,13,40,N
1748,13,41,N
1749,13,42,N
1750,13,43,N
1751,14,1,Y
1752,14,2,N
1753,14,3,N
1754,14,4,N
1755,14,5,N
1756,14,6,N
1757,14,7,N
1758,14,8,N
1759,14,9,N
1760,14,10,N
1761,14,11,N
1762,14,12,N
1763,14,13,N
1764,14,14,N
1765,14,15,N
1766,14,16,N
1767,14,17,N
1768,14,18,N
1769,14,19,N
1770,14,20,N
1771,14,21,N
1772,14,22,N
1773,14,23,N
1774,14,24,N
1775,14,25,N
1776,14,26,N
1777,14,27,N
1778,14,28,N
1779,14,29,N
1780,14,30,N
1781,14,31,N
1782,14,32,N
1783,14,33,N
1784,14,34,N
1785,14,35,N
1786,14,36,N
1787,14,37,N
1788,14,38,N
1789,14,39,N
1790,14,40,N
1791,14,41,N
1792,14,42,N
1793,14,43,N
1794,14,44,N
1795,14,45,N
1796,14,46,N
1797,14,47,N
1798,14,48,N
1799,14,49,N
1800,14,50,N
1801,14,51,N
1802,14,52,N
1803,15,1,Y
1804,15,2,N
1805,15,3,N
1806,15,4,N
1807,15,5,N
1808,15,6,N
1809,15,7,N
1810,15,8,N
1811,15,9,N
1812,15,10,N
1813,15,11,N
1814,15,12,N
1815,15,13,N
1816,15,14,N
1817,15,15,N
1818,15,16,N
1819,15,17,N
1820,15,18,N
1821,15,19,N
1822,15,20,N
1823,15,21,N
1824,15,22,N
1825,15,23,N
1826,15,24,N
1827,15,25,N
1828,15,26,N
1829,15,27,N
1830,15,28,N
1831,15,29,N
1832,15,30,N
1833,15,31,N
1834,15,32,N
1835,15,33,N
1836,15,34,N
1837,15,35,N
1838,15,36,N
1839,15,37,N
1840,15,38,N
1841,15,39,N
1842,15,40,N
1843,15,41,N
1844,15,42,N
1845,15,43,N
1846,15,44,N
1847,15,45,N
1848,15,46,N
1849,15,47,N
1850,15,48,N
1851,15,49,N
1852,15,50,N
1853,15,51,N
1854,15,52,N
1855,15,53,N
1856,15,54,N
1857,15,55,N
1858,15,56,N
1859,15,57,N
1860,15,58,N
1861,15,59,N
1862,15,60,N
1863,15,61,N
1864,15,62,N
1865,15,63,N
1866,15,64,N
1867,15,65,N
1868,15,66,N
1869,15,67,N
1870,15,68,N
1871,15,69,N
1872,15,70,N
1873,15,71,N
1874,15,72,N
1875,15,73,N
1876,15,74,N
1877,15,75,N
1878,15,76,N
1879,15,77,N
1880,15,78,N
1881,15,79,N
1882,15,80,N
1883,15,81,N
1884,15,82,N
1885,15,83,N
1886,15,84,N
1887,15,85,N
1888,15,86,N
1889,15,87,N
1890,15,88,N
1891,15,89,N
1892,15,90,N
1893,15,91,N
1894,15,92,N
1895,15,93,N
1896,15,94,N
1897,15,95,N
1898,15,96,N
1899,15,97,N
1900,15,98,N
1901,15,99,N
1902,16,1,Y
1903,16,2,N
1904,16,3,N
1905,16,4,N
1906,16,5,N
1907,16,6,N
1908,16,7,N
1909,16,8,N
1910,16,9,N
1911,16,10,N
1912,16,11,N
1913,16,12,N
1914,16,13,N
1915,16,14,N
1916,16,15,N
1917,16,16,N
1918,16,17,N
1919,16,18,N
1920,16,19,N
1921,16,20,N
1922,16,21,N
1923,16,22,N
1924,16,23,N
1925,16,24,N
1926,16,25,N
1927,16,26,N
1928,16,27,N
1929,16,28,N
1930,16,29,N
1931,16,30,N
1932,16,31,N
1933,16,32,N
1934,16,33,N
1935,16,34,N
1936,16,35,N
1937,16,36,N
1938,16,37,N
1939,16,38,N
1940,16,39,N
1941,16,40,N
1942,16,41,N
1943,16,42,N
1944,16,43,N
1945,16,44,N
1946,16,45,N
1947,16,46,N
1948,16,47,N
1949,16,48,N
1950,16,49,N
1951,16,50,N
1952,16,51,N
1953,16,52,N
1954,16,53,N
1955,16,54,N
1956,16,55,N
1957,16,56,N
1958,16,57,N
1959,16,58,N
1960,16,59,N
1961,16,60,N
1962,16,61,N
1963,16,62,N
1964,16,63,N
1965,16,64,N
1966,16,65,N
1967,16,66,N
1968,16,67,N
1969,16,68,N
1970,16,69,N
1971,16,70,N
1972,16,71,N
1973,16,72,N
1974,16,73,N
1975,16,74,N
1976,16,75,N
1977,16,76,N
1978,16,77,N
1979,16,78,N
1980,16,79,N
1981,16,80,N
1982,16,81,N
1983,16,82,N
1984,16,83,N
1985,16,84,N
1986,16,85,N
1987,16,86,N
1988,16,87,N
1989,16,88,N
1990,16,89,N
1991,16,90,N
1992,16,91,N
1993,16,92,N
1994,16,93,N
1995,16,94,N
1996,16,95,N
1997,16,96,N
1998,16,97,N
1999,16,98,N
2000,16,99,N
2001,16,100,N
2002,16,101,N
2003,16,102,N
2004,16,103,N
2005,16,104,N
2006,16,105,N
2007,16,106,N
2008,16,107,N
2009,16,108,N
2010,16,109,N
2011,16,110,N
2012,16,111,N
2013,16,112,N
2014,16,113,N
2015,16,114,N
2016,16,115,N
2017,16,116,N
2018,16,117,N
2019,16,118,N
2020,16,119,N
2021,16,120,N
2022,16,121,N
2023,16,122,N
2024,16,123,N
2025,16,124,N
2026,16,125,N
2027,16,126,N
2028,16,127,N
2029,16,128,N
2030,17,1,Y
2031,17,2,N
2032,17,3,N
2033,17,4,N
2034,17,5,N
2035,17,6,N
2036,17,7,N
2037,17,8,N
2038,17,9,N
2039,17,10,N
2040,17,11,N
2041,17,12,N
2042,17,13,N
2043,17,14,N
2044,17,15,N
2045,17,16,N
2046,17,17,N
2047,17,18,N
2048,17,19,N
2049,17,20,N
2050,17,21,N
2051,17,22,N
2052,17,23,N
2053,17,24,N
2054,17,25,N
2055,17,26,N
2056,17,27,N
2057,17,28,N
2058,17,29,N
2059,17,30,N
2060,17,31,N
2061,17,32,N
2062,17,33,N
2063,17,34,N
2064,17,35,N
2065,17,36,N
2066,17,37,N
2067,17,38,N
2068,17,39,N
2069,17,40,N
2070,17,41,N
2071,17,42,N
2072,17,43,N
2073,17,44,N
2074,17,45,N
2075,17,46,N
2076,17,47,N
2077,17,48,N
2078,17,49,N
2079,17,50,N
2080,17,51,N
2081,17,52,N
2082,17,53,N
2083,17,54,N
2084,17,55,N
2085,17,56,N
2086,17,57,N
2087,17,58,N
2088,17,59,N
2089,17,60,N
2090,17,61,N
2091,17,62,N
2092,17,63,N
2093,17,64,N
2094,17,65,N
2095,17,66,N
2096,17,67,N
2097,17,68,N
2098,17,69,N
2099,17,70,N
2100,17,71,N
2101,17,72,N
2102,17,73,N
2103,17,74,N
2104,17,75,N
2105,17,76,N
2106,17,77,N
2107,17,78,N
2108,17,79,N
2109,17,80,N
2110,17,81,N
2111,17,82,N
2112,17,83,N
2113,17,84,N
2114,17,85,N
2115,17,86,N
2116,17,87,N
2117,17,88,N
2118,17,89,N
2119,17,90,N
2120,17,91,N
2121,17,92,N
2122,17,93,N
2123,17,94,N
2124,17,95,N
2125,17,96,N
2126,17,97,N
2127,17,98,N
2128,17,99,N
2129,17,100,N
2130,17,101,N
2131,17,102,N
2132,17,103,N
2133,17,104,N
2134,17,105,N
2135,17,106,N
2136,17,107,N
2137,17,108,N
2138,17,109,N
2139,17,110,N
2140,17,111,N
2141,18,1,Y
2142,18,2,N
2143,18,3,N
2144,18,4,N
2145,18,5,N
2146,18,6,N
2147,18,7,N
2148,18,8,N
2149,18,9,N
2150,18,10,N
2151,18,11,N
2152,18,12,N
2153,18,13,N
2154,18,14,N
2155,18,15,N
2156,18,16,N
2157,18,17,N
2158,18,18,N
2159,18,19,N
2160,18,20,N
2161,18,21,N
2162,18,22,N
2163,18,23,N
2164,18,24,N
2165,18,25,N
2166,18,26,N
2167,18,27,N
2168,18,28,N
2169,18,29,N
2170,18,30,N
2171,18,31,N
2172,18,32,N
2173,18,33,N
2174,18,34,N
2175,18,35,N
2176,18,36,N
2177,18,37,N
2178,18,38,N
2179,18,39,N
2180,18,40,N
2181,18,41,N
2182,18,42,N
2183,18,43,N
2184,18,44,N
2185,18,45,N
2186,18,46,N
2187,18,47,N
2188,18,48,N
2189,18,49,N
2190,18,50,N
2191,18,51,N
2192,18,52,N
2193,18,53,N
2194,18,54,N
2195,18,55,N
2196,18,56,N
2197,18,57,N
2198,18,58,N
2199,18,59,N
2200,18,60,N
2201,18,61,N
2202,18,62,N
2203,18,63,N
2204,18,64,N
2205,18,65,N
2206,18,66,N
2207,18,67,N
2208,18,68,N
2209,18,69,N
2210,18,70,N
2211,18,71,N
2212,18,72,N
2213,18,73,N
2214,18,74,N
2215,18,75,N
2216,18,76,N
2217,18,77,N
2218,18,78,N
2219,18,79,N
2220,18,80,N
2221,18,81,N
2222,18,82,N
2223,18,83,N
2224,18,84,N
2225,18,85,N
2226,18,86,N
2227,18,87,N
2228,18,88,N
2229,18,89,N
2230,18,90,N
2231,18,91,N
2232,18,92,N
2233,18,93,N
2234,18,94,N
2235,18,95,N
2236,18,96,N
2237,18,97,N
2238,18,98,N
2239,18,99,N
2240,18,100,N
2241,18,101,N
2242,18,102,N
2243,18,103,N
2244,18,104,N
2245,18,105,N
2246,18,106,N
2247,18,107,N
2248,18,108,N
2249,18,109,N
2250,18,110,N
2251,19,1,Y
2252,19,2,N
2253,19,3,N
2254,19,4,N
2255,19,5,N
2256,19,6,N
2257,19,7,N
2258,19,8,N
2259,19,9,N
2260,19,10,N
2261,19,11,N
2262,19,12,N
2263,19,13,N
2264,19,14,N
2265,19,15,N
2266,19,16,N
2267,19,17,N
2268,19,18,N
2269,19,19,N
2270,19,20,N
2271,19,21,N
2272,19,22,N
2273,19,23,N
2274,19,24,N
2275,19,25,N
2276,19,26,N
2277,19,27,N
2278,19,28,N
2279,19,29,N
2280,19,30,N
2281,19,31,N
2282,19,32,N
2283,19,33,N
2284,19,34,N
2285,19,35,N
2286,19,36,N
2287,19,37,N
2288,19,38,N
2289,19,39,N
2290,19,40,N
2291,19,41,N
2292,19,42,N
2293,19,43,N
2294,19,44,N
2295,19,45,N
2296,19,46,N
2297,19,47,N
2298,19,48,N
2299,19,49,N
2300,19,50,N
2301,19,51,N
2302,19,52,N
2303,19,53,N
2304,19,54,N
2305,19,55,N
2306,19,56,N
2307,19,57,N
2308,19,58,N
2309,19,59,N
2310,19,60,N
2311,19,61,N
2312,19,62,N
2313,19,63,N
2314,19,64,N
2315,19,65,N
2316,19,66,N
2317,19,67,N
2318,19,68,N
2319,19,69,N
2320,19,70,N
2321,19,71,N
2322,19,72,N
2323,19,73,N
2324,19,74,N
2325,19,75,N
2326,19,76,N
2327,19,77,N
2328,19,78,N
2329,19,79,N
2330,19,80,N
2331,19,81,N
2332,19,82,N
2333,19,83,N
2334,19,84,N
2335,19,85,N
2336,19,86,N
2337,19,87,N
2338,19,88,N
2339,19,89,N
2340,19,90,N
2341,19,91,N
2342,19,92,N
2343,19,93,N
2344,19,94,N
2345,19,95,N
2346,19,96,N
2347,19,97,N
2348,19,98,N
2349,20,1,Y
2350,20,2,N
2351,20,3,N
2352,20,4,N
2353,20,5,N
2354,20,6,N
2355,20,7,N
2356,20,8,N
2357,20,9,N
2358,20,10,N
2359,20,11,N
2360,20,12,N
2361,20,13,N
2362,20,14,N
2363,20,15,N
2364,20,16,N
2365,20,17,N
2366,20,18,N
2367,20,19,N
2368,20,20,N
2369,20,21,N
2370,20,22,N
2371,20,23,N
2372,20,24,N
2373,20,25,N
2374,20,26,N
2375,20,27,N
2376,20,28,N
2377,20,29,N
2378,20,30,N
2379,20,31,N
2380,20,32,N
2381,20,33,N
2382,20,34,N
2383,20,35,N
2384,20,36,N
2385,20,37,N
2386,20,38,N
2387,20,39,N
2388,20,40,N
2389,20,41,N
2390,20,42,N
2391,20,43,N
2392,20,44,N
2393,20,45,N
2394,20,46,N
2395,20,47,N
2396,20,48,N
2397,20,49,N
2398,20,50,N
2399,20,51,N
2400,20,52,N
2401,20,53,N
2402,20,54,N
2403,20,55,N
2404,20,56,N
2405,20,57,N
2406,20,58,N
2407,20,59,N
2408,20,60,N
2409,20,61,N
2410,20,62,N
2411,20,63,N
2412,20,64,N
2413,20,65,N
2414,20,66,N
2415,20,67,N
2416,20,68,N
2417,20,69,N
2418,20,70,N
2419,20,71,N
2420,20,72,N
2421,20,73,N
2422,20,74,N
2423,20,75,N
2424,20,76,N
2425,20,77,N
2426,20,78,N
2427,20,79,N
2428,20,80,N
2429,20,81,N
2430,20,82,N
2431,20,83,N
2432,20,84,N
2433,20,85,N
2434,20,86,N
2435,20,87,N
2436,20,88,N
2437,20,89,N
2438,20,90,N
2439,20,91,N
2440,20,92,N
2441,20,93,N
2442,20,94,N
2443,20,95,N
2444,20,96,N
2445,20,97,N
2446,20,98,N
2447,20,99,N
2448,20,100,N
2449,20,101,N
2450,20,102,N
2451,20,103,N
2452,20,104,N
2453,20,105,N
2454,20,106,N
2455,20,107,N
2456,20,108,N
2457,20,109,N
2458,20,110,N
2459,20,111,N
2460,20,112,N
2461,20,113,N
2462,20,114,N
2463,20,115,N
2464,20,116,N
2465,20,117,N
2466,20,118,N
2467,20,119,N
2468,20,120,N
2469,20,121,N
2470,20,122,N
2471,20,123,N
2472,20,124,N
2473,20,125,N
2474,20,126,N
2475,20,127,N
2476,20,128,N
2477,20,129,N
2478,20,130,N
2479,20,131,N
2480,20,132,N
2481,20,133,N
2482,20,134,N
2483,20,135,N
2484,21,1,Y
2485,21,2,N
2486,21,3,N
2487,21,4,N
2488,21,5,N
2489,21,6,N
2490,21,7,N
2491,21,8,N
2492,21,9,N
2493,21,10,N
2494,21,11,N
2495,21,12,N
2496,21,13,N
2497,21,14,N
2498,21,15,N
2499,21,16,N
2500,21,17,N
2501,21,18,N
2502,21,19,N
2503,21,20,N
2504,21,21,N
2505,21,22,N
2506,21,23,N
2507,21,24,N
2508,21,25,N
2509,21,26,N
2510,21,27,N
2511,21,28,N
2512,21,29,N
2513,21,30,N
2514,21,31,N
2515,21,32,N
2516,21,33,N
2517,21,34,N
2518,21,35,N
2519,21,36,N
2520,21,37,N
2521,21,38,N
2522,21,39,N
2523,21,40,N
2524,21,41,N
2525,21,42,N
2526,21,43,N
2527,21,44,N
2528,21,45,N
2529,21,46,N
2530,21,47,N
2531,21,48,N
2532,21,49,N
2533,21,50,N
2534,21,51,N
2535,21,52,N
2536,21,53,N
2537,21,54,N
2538,21,55,N
2539,21,56,N
2540,21,57,N
2541,21,58,N
2542,21,59,N
2543,21,60,N
2544,21,61,N
2545,21,62,N
2546,21,63,N
2547,21,64,N
2548,21,65,N
2549,21,66,N
2550,21,67,N
2551,21,68,N
2552,21,69,N
2553,21,70,N
2554,21,71,N
2555,21,72,N
2556,21,73,N
2557,21,74,N
2558,21,75,N
2559,21,76,N
2560,21,77,N
2561,21,78,N
2562,21,79,N
2563,21,80,N
2564,21,81,N
2565,21,82,N
2566,21,83,N
2567,21,84,N
2568,21,85,N
2569,21,86,N
2570,21,87,N
2571,21,88,N
2572,21,89,N
2573,21,90,N
2574,21,91,N
2575,21,92,N
2576,21,93,N
2577,21,94,N
2578,21,95,N
2579,21,96,N
2580,21,97,N
2581,21,98,N
2582,21,99,N
2583,21,100,N
2584,21,101,N
2585,21,102,N
2586,21,103,N
2587,21,104,N
2588,21,105,N
2589,21,106,N
2590,21,107,N
2591,21,108,N
2592,21,109,N
2593,21,110,N
2594,21,111,N
2595,21,112,N
2596,22,1,Y
2597,22,2,N
2598,22,3,N
2599,22,4,N
2600,22,5,N
2601,22,6,N
2602,22,7,N
2603,22,8,N
2604,22,9,N
2605,22,10,N
2606,22,11,N
2607,22,12,N
2608,22,13,N
2609,22,14,N
2610,22,15,N
2611,22,16,N
2612,22,17,N
2613,22,18,N
2614,22,19,N
2615,22,20,N
2616,22,21,N
2617,22,22,N
2618,22,23,N
2619,22,24,N
2620,22,25,N
2621,22,26,N
2622,22,27,N
2623,22,28,N
2624,22,29,N
2625,22,30,N
2626,22,31,N
2627,22,32,N
2628,22,33,N
2629,22,34,N
2630,22,35,N
2631,22,36,N
2632,22,37,N
2633,22,38,N
2634,22,39,N
2635,22,40,N
2636,22,41,N
2637,22,42,N
2638,22,43,N
2639,22,44,N
2640,22,45,N
2641,22,46,N
2642,22,47,N
2643,22,48,N
2644,22,49,N
2645,22,50,N
2646,22,51,N
2647,22,52,N
2648,22,53,N
2649,22,54,N
2650,22,55,N
2651,22,56,N
2652,22,57,N
2653,22,58,N
2654,22,59,N
2655,22,60,N
2656,22,61,N
2657,22,62,N
2658,22,63,N
2659,22,64,N
2660,22,65,N
2661,22,66,N
2662,22,67,N
2663,22,68,N
2664,22,69,N
2665,22,70,N
2666,22,71,N
2667,22,72,N
2668,22,73,N
2669,22,74,N
2670,22,75,N
2671,22,76,N
2672,22,77,N
2673,22,78,N
2674,23,1,Y
2675,23,2,N
2676,23,3,N
2677,23,4,N
2678,23,5,N
2679,23,6,N
2680,23,7,N
2681,23,8,N
2682,23,9,N
2683,23,10,N
2684,23,11,N
2685,23,12,N
2686,23,13,N
2687,23,14,N
2688,23,15,N
2689,23,16,N
2690,23,17,N
2691,23,18,N
2692,23,19,N
2693,23,20,N
2694,23,21,N
2695,23,22,Y
2696,23,23,N
2697,23,24,N
2698,23,25,N
2699,23,26,N
2700,23,27,N
2701,23,28,N
2702,23,29,N
2703,23,30,N
2704,23,31,N
2705,23,32,N
2706,23,33,Y
2707,23,34,N
2708,23,35,N
2709,23,36,N
2710,23,37,N
2711,23,38,N
2712,23,39,N
2713,23,40,N
2714,23,41,N
2715,23,42,N
2716,23,43,N
2717,23,44,N
2718,23,45,N
2719,23,46,N
2720,23,47,N
2721,23,48,N
2722,23,49,N
2723,23,50,N
2724,23,51,Y
2725,23,52,N
2726,23,53,N
2727,23,54,N
2728,23,55,N
2729,23,56,N
2730,23,57,N
2731,23,58,N
2732,23,59,N
2733,23,60,N
2734,23,61,N
2735,23,62,N
2736,23,63,N
2737,23,64,N
2738,23,65,N
2739,23,66,N
2740,23,67,N
2741,23,68,N
2742,23,69,N
2743,23,70,N
2744,23,71,N
2745,23,72,N
2746,23,73,N
2747,23,74,N
2748,23,75,N
2749,23,76,N
2750,23,77,N
2751,23,78,Y
2752,23,79,N
2753,23,80,N
2754,23,81,N
2755,23,82,N
2756,23,83,N
2757,23,84,N
2758,23,85,N
2759,23,86,N
2760,23,87,N
2761,23,88,N
2762,23,89,N
2763,23,90,N
2764,23,91,N
2765,23,92,N
2766,23,93,Y
2767,23,94,N
2768,23,95,N
2769,23,96,N
2770,23,97,N
2771,23,98,N
2772,23,99,N
2773,23,100,N
2774,23,101,N
2775,23,102,N
2776,23,103,N
2777,23,104,N
2778,23,105,N
2779,23,106,N
2780,23,107,N
2781,23,108,N
2782,23,109,N
2783,23,110,N
2784,23,111,N
2785,23,112,N
2786,23,113,N
2787,23,114,N
2788,23,115,N
2789,23,116,N
2790,23,117,N
2791,23,118,N
2792,24,1,Y
2793,24,2,N
2794,24,3,N
2795,24,4,N
2796,24,5,N
2797,24,6,N
2798,24,7,N
2799,24,8,N
2800,24,9,N
2801,24,10,N
2802,24,11,Y
2803,24,12,N
2804,24,13,N
2805,24,14,N
2806,24,15,N
2807,24,16,N
2808,24,17,N
2809,24,18,N
2810,24,19,N
2811,24,20,N
2812,24,21,Y
2813,24,22,N
2814,24,23,N
2815,24,24,N
2816,24,25,N
2817,24,26,N
2818,24,27,Y
2819,24,28,N
2820,24,29,N
2821,24,30,N
2822,24,31,N
2823,24,32,N
2824,24,33,N
2825,24,34,N
2826,24,35,Y
2827,24,36,N
2828,24,37,N
2829,24,38,N
2830,24,39,N
2831,24,40,N
2832,24,41,Y
2833,24,42,N
2834,24,43,N
2835,24,44,N
2836,24,45,N
2837,24,46,N
2838,24,47,N
2839,24,48,N
2840,24,49,N
2841,24,50,N
2842,24,51,Y
2843,24,52,N
2844,24,53,N
2845,24,54,N
2846,24,55,N
2847,24,56,N
2848,24,57,N
2849,24,58,Y
2850,24,59,N
2851,24,60,N
2852,24,61,N
2853,24,62,Y
2854,24,63,N
2855,24,64,N
2856,25,1,Y
2857,25,2,N
2858,25,3,N
2859,25,4,N
2860,25,5,N
2861,25,6,N
2862,25,7,N
2863,25,8,N
2864,25,9,N
2865,25,10,Y
2866,25,11,N
2867,25,12,N
2868,25,13,N
2869,25,14,N
2870,25,15,N
2871,25,16,N
2872,25,17,N
2873,25,18,N
2874,25,19,N
2875,25,20,N
2876,25,21,Y
2877,25,22,N
2878,25,23,N
2879,25,24,N
2880,25,25,N
2881,25,26,N
2882,25,27,N
2883,25,28,N
2884,25,29,N
2885,25,30,N
2886,25,31,N
2887,25,32,N
2888,25,33,N
2889,25,34,N
2890,25,35,Y
2891,25,36,N
2892,25,37,N
2893,25,38,N
2894,25,39,N
2895,25,40,N
2896,25,41,N
2897,25,42,N
2898,25,43,N
2899,25,44,N
2900,25,45,Y
2901,25,46,N
2902,25,47,N
2903,25,48,N
2904,25,49,N
2905,25,50,N
2906,25,51,N
2907,25,52,N
2908,25,53,N
2909,25,54,N
2910,25,55,N
2911,25,56,N
2912,25,57,N
2913,25,58,N
2914,25,59,N
2915,25,60,N
2916,25,61,Y
2917,25,62,N
2918,25,63,N
2919,25,64,N
2920,25,65,N
2921,25,66,N
2922,25,67,N
2923,25,68,N
2924,25,69,N
2925,25,70,N
2926,25,71,N
2927,25,72,N
2928,25,73,N
2929,25,74,N
2930,25,75,N
2931,25,76,N
2932,25,77,N
2933,26,1,Y
2934,26,2,N
2935,26,3,N
2936,26,4,N
2937,26,5,N
2938,26,6,N
2939,26,7,N
2940,26,8,N
2941,26,9,N
2942,26,10,Y
2943,26,11,N
2944,26,12,N
2945,26,13,N
2946,26,14,N
2947,26,15,N
2948,26,16,N
2949,26,17,N
2950,26,18,N
2951,26,19,N
2952,26,20,N
2953,26,21,N
2954,26,22,N
2955,26,23,N
2956,26,24,N
2957,26,25,N
2958,26,26,N
2959,26,27,N
2960,26,28,N
2961,26,29,N
2962,26,30,N
2963,26,31,N
2964,26,32,N
2965,26,33,N
2966,26,34,Y
2967,26,35,N
2968,26,36,N
2969,26,37,N
2970,26,38,N
2971,26,39,N
2972,26,40,N
2973,26,41,N
2974,26,42,N
2975,26,43,N
2976,26,44,N
2977,26,45,N
2978,26,46,N
2979,26,47,N
2980,26,48,N
2981,26,49,N
2982,26,50,N
2983,26,51,N
2984,26,52,Y
2985,26,53,N
2986,26,54,N
2987,26,55,N
2988,26,56,N
2989,26,57,N
2990,26,58,N
2991,26,59,N
2992,26,60,N
2993,26,61,N
2994,26,62,N
2995,26,63,N
2996,26,64,N
2997,26,65,N
2998,26,66,N
2999,26,67,N
3000,26,68,Y
3001,26,69,N
3002,26,70,N
3003,26,71,N
3004,26,72,N
3005,26,73,N
3006,26,74,N
3007,26,75,N
3008,26,76,N
3009,26,77,N
3010,26,78,N
3011,26,79,N
3012,26,80,N
3013,26,81,N
3014,26,82,N
3015,26,83,N
3016,26,84,N
3017,26,85,N
3018,26,86,N
3019,26,87,N
3020,26,88,N
3021,26,89,N
3022,26,90,N
3023,26,91,N
3024,26,92,N
3025,26,93,N
3026,26,94,N
3027,26,95,N
3028,26,96,N
3029,26,97,N
3030,26,98,N
3031,26,99,N
3032,26,100,N
3033,26,101,N
3034,26,102,N
3035,26,103,N
3036,26,104,N
3037,26,105,N
3038,26,106,Y
3039,26,107,N
3040,26,108,N
3041,26,109,N
3042,26,110,N
3043,26,111,N
3044,26,112,N
3045,26,113,N
3046,26,114,N
3047,26,115,N
3048,26,116,N
3049,26,117,N
3050,26,118,N
3051,26,119,N
3052,26,120,N
3053,26,121,N
3054,26,122,Y
3055,26,123,N
3056,26,124,N
3057,26,125,N
3058,26,126,N
3059,26,127,N
3060,26,128,N
3061,26,129,N
3062,26,130,N
3063,26,131,N
3064,26,132,N
3065,26,133,N
3066,26,134,N
3067,26,135,N
3068,26,136,N
3069,26,137,N
3070,26,138,N
3071,26,139,N
3072,26,140,N
3073,26,141,Y
3074,26,142,N
3075,26,143,N
3076,26,144,N
3077,26,145,N
3078,26,146,N
3079,26,147,N
3080,26,148,N
3081,26,149,N
3082,26,150,N
3083,26,151,N
3084,26,152,N
3085,26,153,N
3086,26,154,N
3087,26,155,N
3088,26,156,N
3089,26,157,N
3090,26,158,N
3091,26,159,N
3092,26,160,Y
3093,26,161,N
3094,26,162,N
3095,26,163,N
3096,26,164,N
3097,26,165,N
3098,26,166,N
3099,26,167,N
3100,26,168,N
3101,26,169,N
3102,26,170,N
3103,26,171,N
3104,26,172,N
3105,26,173,N
3106,26,174,N
3107,26,175,N
3108,26,176,Y
3109,26,177,N
3110,26,178,N
3111,26,179,N
3112,26,180,N
3113,26,181,N
3114,26,182,N
3115,26,183,N
3116,26,184,N
3117,26,185,N
3118,26,186,N
3119,26,187,N
3120,26,188,N
3121,26,189,N
3122,26,190,N
3123,26,191,N
3124,26,192,Y
3125,26,193,N
3126,26,194,N
3127,26,195,N
3128,26,196,N
3129,26,197,N
3130,26,198,N
3131,26,199,N
3132,26,200,N
3133,26,201,N
3134,26,202,N
3135,26,203,N
3136,26,204,N
3137,26,205,N
3138,26,206,N
3139,26,207,N
3140,26,208,N
3141,26,209,N
3142,26,210,N
3143,26,211,N
3144,26,212,N
3145,26,213,N
3146,26,214,N
3147,26,215,N
3148,26,216,N
3149,26,217,N
3150,26,218,N
3151,26,219,N
3152,26,220,N
3153,26,221,N
3154,26,222,N
3155,26,223,N
3156,26,224,N
3157,26,225,N
3158,26,226,N
3159,26,227,N
3160,27,1,Y
3161,27,2,N
3162,27,3,N
3163,27,4,N
3164,27,5,N
3165,27,6,N
3166,27,7,N
3167,27,8,N
3168,27,9,N
3169,27,10,N
3170,27,11,N
3171,27,12,N
3172,27,13,N
3173,27,14,N
3174,27,15,Y
3175,27,16,N
3176,27,17,N
3177,27,18,N
3178,27,19,N
3179,27,20,N
3180,27,21,N
3181,27,22,N
3182,27,23,N
3183,27,24,N
3184,27,25,N
3185,27,26,N
3186,27,27,N
3187,27,28,N
3188,27,29,N
3189,27,30,N
3190,27,31,N
3191,27,32,Y
3192,27,33,N
3193,27,34,N
3194,27,35,N
3195,27,36,N
3196,27,37,N
3197,27,38,N
3198,27,39,N
3199,27,40,N
3200,27,41,N
3201,27,42,N
3202,27,43,N
3203,27,44,N
3204,27,45,Y
3205,27,46,N
3206,27,47,N
3207,27,48,N
3208,27,49,N
3209,27,50,N
3210,27,51,N
3211,27,52,N
3212,27,53,N
3213,27,54,N
3214,27,55,N
3215,27,56,N
3216,27,57,N
3217,27,58,N
3218,27,59,Y
3219,27,60,N
3220,27,61,N
3221,27,62,N
3222,27,63,N
3223,27,64,N
3224,27,65,N
3225,27,66,N
3226,27,67,Y
3227,27,68,N
3228,27,69,N
3229,27,70,N
3230,27,71,N
3231,27,72,N
3232,27,73,N
3233,27,74,N
3234,27,75,N
3235,27,76,N
3236,27,77,N
3237,27,78,N
3238,27,79,N
3239,27,80,N
3240,27,81,N
3241,27,82,N
3242,27,83,Y
3243,27,84,N
3244,27,85,N
3245,27,86,N
3246,27,87,N
3247,27,88,N
3248,27,89,N
3249,27,90,N
3250,27,91,N
3251,27,92,N
3252,27,93,N
3253,28,1,Y
3254,28,2,N
3255,28,3,N
3256,28,4,N
3257,28,5,N
3258,28,6,N
3259,28,7,N
3260,28,8,N
3261,28,9,N
3262,28,10,N
3263,28,11,N
3264,28,12,N
3265,28,13,N
3266,28,14,Y
3267,28,15,N
3268,28,16,N
3269,28,17,N
3270,28,18,N
3271,28,19,N
3272,28,20,N
3273,28,21,N
3274,28,22,Y
3275,28,23,N
3276,28,24,N
3277,28,25,N
3278,28,26,N
3279,28,27,N
3280,28,28,N
3281,28,29,Y
3282,28,30,N
3283,28,31,N
3284,28,32,N
3285,28,33,N
3286,28,34,N
3287,28,35,N
3288,28,36,N
3289,28,37,N
3290,28,38,N
3291,28,39,N
3292,28,40,N
3293,28,41,N
3294,28,42,N
3295,28,43,Y
3296,28,44,N
3297,28,45,N
3298,28,46,N
3299,28,47,N
3300,28,48,N
3301,28,49,N
3302,28,50,N
3303,28,51,Y
3304,28,52,N
3305,28,53,N
3306,28,54,N
3307,28,55,N
3308,28,56,N
3309,28,57,N
3310,28,58,N
3311,28,59,N
3312,28,60,N
3313,28,61,Y
3314,28,62,N
3315,28,63,N
3316,28,64,N
3317,28,65,N
3318,28,66,N
3319,28,67,N
3320,28,68,N
3321,28,69,N
3322,28,70,N
3323,28,71,N
3324,28,72,N
3325,28,73,N
3326,28,74,N
3327,28,75,N
3328,28,76,Y
3329,28,77,N
3330,28,78,N
3331,28,79,N
3332,28,80,N
3333,28,81,N
3334,28,82,N
3335,28,83,Y
3336,28,84,N
3337,28,85,N
3338,28,86,N
3339,28,87,N
3340,28,88,N
3341,29,1,Y
3342,29,2,N
3343,29,3,N
3344,29,4,N
3345,29,5,N
3346,29,6,N
3347,29,7,N
3348,29,8,N
3349,29,9,N
3350,29,10,N
3351,29,11,N
3352,29,12,N
3353,29,13,N
3354,29,14,Y
3355,29,15,N
3356,29,16,N
3357,29,17,N
3358,29,18,N
3359,29,19,N
3360,29,20,N
3361,29,21,N
3362,29,22,N
3363,29,23,Y
3364,29,24,N
3365,29,25,N
3366,29,26,N
3367,29,27,N
3368,29,28,N
3369,29,29,N
3370,29,30,N
3371,29,31,Y
3372,29,32,N
3373,29,33,N
3374,29,34,N
3375,29,35,N
3376,29,36,N
3377,29,37,N
3378,29,38,N
3379,29,39,N
3380,29,40,N
3381,29,41,N
3382,29,42,N
3383,29,43,N
3384,29,44,N
3385,29,45,Y
3386,29,46,N
3387,29,47,N
3388,29,48,N
3389,29,49,N
3390,29,50,N
3391,29,51,N
3392,29,52,Y
3393,29,53,N
3394,29,54,N
3395,29,55,N
3396,29,56,N
3397,29,57,N
3398,29,58,N
3399,29,59,N
3400,29,60,N
3401,29,61,N
3402,29,62,N
3403,29,63,N
3404,29,64,Y
3405,29,65,N
3406,29,66,N
3407,29,67,N
3408,29,68,N
3409,29,69,N
3410,30,1,Y
3411,30,2,N
3412,30,3,N
3413,30,4,N
3414,30,5,N
3415,30,6,N
3416,30,7,N
3417,30,8,N
3418,30,9,N
3419,30,10,N
3420,30,11,Y
3421,30,12,N
3422,30,13,N
3423,30,14,N
3424,30,15,N
3425,30,16,N
3426,30,17,N
3427,30,18,N
3428,30,19,N
3429,30,20,Y
3430,30,21,N
3431,30,22,N
3432,30,23,N
3433,30,24,N
3434,30,25,N
3435,30,26,N
3436,30,27,N
3437,30,28,Y
3438,30,29,N
3439,30,30,N
3440,30,31,N
3441,30,32,N
3442,30,33,N
3443,30,34,N
3444,30,35,N
3445,30,36,N
3446,30,37,N
3447,30,38,N
3448,30,39,N
3449,30,40,N
3450,30,41,Y
3451,30,42,N
3452,30,43,N
3453,30,44,N
3454,30,45,N
3455,30,46,N
3456,30,47,N
3457,30,48,N
3458,30,49,N
3459,30,50,N
3460,30,51,N
3461,30,52,N
3462,30,53,N
3463,30,54,Y
3464,30,55,N
3465,30,56,N
3466,30,57,N
3467,30,58,N
3468,30,59,N
3469,30,60,N
3470,31,1,Y
3471,31,2,N
3472,31,3,N
3473,31,4,N
3474,31,5,N
3475,31,6,N
3476,31,7,N
3477,31,8,N
3478,31,9,N
3479,31,10,N
3480,31,11,N
3481,31,12,Y
3482,31,13,N
3483,31,14,N
3484,31,15,N
3485,31,16,N
3486,31,17,N
3487,31,18,N
3488,31,19,N
3489,31,20,Y
3490,31,21,N
3491,31,22,N
3492,31,23,N
3493,31,24,N
3494,31,25,N
3495,31,26,N
3496,31,27,N
3497,31,28,N
3498,31,29,N
3499,31,30,N
3500,31,31,Y
3501,31,32,N
3502,31,33,N
3503,31,34,N
3504,32,1,Y
3505,32,2,N
3506,32,3,N
3507,32,4,N
3508,32,5,N
3509,32,6,N
3510,32,7,N
3511,32,8,N
3512,32,9,N
3513,32,10,N
3514,32,11,N
3515,32,12,Y
3516,32,13,N
3517,32,14,N
3518,32,15,N
3519,32,16,N
3520,32,17,N
3521,32,18,N
3522,32,19,N
3523,32,20,N
3524,32,21,N
3525,32,22,N
3526,32,23,Y
3527,32,24,N
3528,32,25,N
3529,32,26,N
3530,32,27,N
3531,32,28,N
3532,32,29,N
3533,32,30,N
3534,33,1,Y
3535,33,2,N
3536,33,3,N
3537,33,4,N
3538,33,5,N
3539,33,6,N
3540,33,7,N
3541,33,8,N
3542,33,9,Y
3543,33,10,N
3544,33,11,N
3545,33,12,N
3546,33,13,N
3547,33,14,N
3548,33,15,N
3549,33,16,N
3550,33,17,N
3551,33,18,N
3552,33,19,N
3553,33,20,N
3554,33,21,Y
3555,33,22,N
3556,33,23,N
3557,33,24,N
3558,33,25,N
3559,33,26,N
3560,33,27,N
3561,33,28,Y
3562,33,29,N
3563,33,30,N
3564,33,31,N
3565,33,32,N
3566,33,33,N
3567,33,34,N
3568,33,35,Y
3569,33,36,N
3570,33,37,N
3571,33,38,N
3572,33,39,N
3573,33,40,N
3574,33,41,Y
3575,33,42,N
3576,33,43,N
3577,33,44,N
3578,33,45,N
3579,33,46,N
3580,33,47,N
3581,33,48,N
3582,33,49,N
3583,33,50,N
3584,33,51,N
3585,33,52,N
3586,33,53,Y
3587,33,54,N
3588,33,55,N
3589,33,56,N
3590,33,57,N
3591,33,58,N
3592,33,59,Y
3593,33,60,N
3594,33,61,N
3595,33,62,N
3596,33,63,N
3597,33,64,N
3598,33,65,N
3599,33,66,N
3600,33,67,N
3601,33,68,N
3602,33,69,Y
3603,33,70,N
3604,33,71,N
3605,33,72,N
3606,33,73,N
3607,34,1,Y
3608,34,2,N
3609,34,3,N
3610,34,4,N
3611,34,5,N
3612,34,6,N
3613,34,7,N
3614,34,8,N
3615,34,9,N
3616,34,10,Y
3617,34,11,N
3618,34,12,N
3619,34,13,N
3620,34,14,N
3621,34,15,N
3622,34,16,N
3623,34,17,N
3624,34,18,N
3625,34,19,N
3626,34,20,N
3627,34,21,N
3628,34,22,Y
3629,34,23,N
3630,34,24,N
3631,34,25,N
3632,34,26,N
3633,34,27,N
3634,34,28,N
3635,34,29,N
3636,34,30,N
3637,34,31,Y
3638,34,32,N
3639,34,33,N
3640,34,34,N
3641,34,35,N
3642,34,36,N
3643,34,37,Y
3644,34,38,N
3645,34,39,N
3646,34,40,N
3647,34,41,N
3648,34,42,N
3649,34,43,N
3650,34,44,N
3651,34,45,N
3652,34,46,Y
3653,34,47,N
3654,34,48,N
3655,34,49,N
3656,34,50,N
3657,34,51,N
3658,34,52,N
3659,34,53,N
3660,34,54,N
3661,35,1,Y
3662,35,2,N
3663,35,3,N
3664,35,4,N
3665,35,5,N
3666,35,6,N
3667,35,7,N
3668,35,8,Y
3669,35,9,N
3670,35,10,N
3671,35,11,N
3672,35,12,N
3673,35,13,N
3674,35,14,N
3675,35,15,Y
3676,35,16,N
3677,35,17,N
3678,35,18,N
3679,35,19,N
3680,35,20,N
3681,35,21,N
3682,35,22,N
3683,35,23,N
3684,35,24,N
3685,35,25,N
3686,35,26,N
3687,35,27,Y
3688,35,28,N
3689,35,29,N
3690,35,30,N
3691,35,31,N
3692,35,32,N
3693,35,33,N
3694,35,34,N
3695,35,35,N
3696,35,36,N
3697,35,37,N
3698,35,38,Y
3699,35,39,N
3700,35,40,N
3701,35,41,N
3702,35,42,N
3703,35,43,N
3704,35,44,N
3705,35,45,N
3706,36,1,Y
3707,36,2,N
3708,36,3,N
3709,36,4,N
3710,36,5,N
3711,36,6,N
3712,36,7,N
3713,36,8,N
3714,36,9,N
3715,36,10,N
3716,36,11,N
3717,36,12,N
3718,36,13,Y
3719,36,14,N
3720,36,15,N
3721,36,16,N
3722,36,17,N
3723,36,18,N
3724,36,19,N
3725,36,20,N
3726,36,21,N
3727,36,22,N
3728,36,23,N
3729,36,24,N
3730,36,25,N
3731,36,26,N
3732,36,27,N
3733,36,28,N
3734,36,29,N
3735,36,30,N
3736,36,31,N
3737,36,32,N
3738,36,33,Y
3739,36,34,N
3740,36,35,N
3741,36,36,N
3742,36,37,N
3743,36,38,N
3744,36,39,N
3745,36,40,N
3746,36,41,N
3747,36,42,N
3748,36,43,N
3749,36,44,N
3750,36,45,N
3751,36,46,N
3752,36,47,N
3753,36,48,N
3754,36,49,N
3755,36,50,N
3756,36,51,Y
3757,36,52,N
3758,36,53,N
3759,36,54,N
3760,36,55,N
3761,36,56,N
3762,36,57,N
3763,36,58,N
3764,36,59,N
3765,36,60,N
3766,36,61,N
3767,36,62,N
3768,36,63,N
3769,36,64,N
3770,36,65,N
3771,36,66,N
3772,36,67,N
3773,36,68,Y
3774,36,69,N
3775,36,70,N
3776,36,71,N
3777,36,72,N
3778,36,73,N
3779,36,74,N
3780,36,75,N
3781,36,76,N
3782,36,77,N
3783,36,78,N
3784,36,79,N
3785,36,80,N
3786,36,81,N
3787,36,82,N
3788,36,83,N
3789,37,1,Y
3790,37,2,N
3791,37,3,N
3792,37,4,N
3793,37,5,N
3794,37,6,N
3795,37,7,N
3796,37,8,N
3797,37,9,N
3798,37,10,N
3799,37,11,N
3800,37,12,N
3801,37,13,N
3802,37,14,N
3803,37,15,N
3804,37,16,N
3805,37,17,N
3806,37,18,N
3807,37,19,N
3808,37,20,N
3809,37,21,N
3810,37,22,Y
3811,37,23,N
3812,37,24,N
3813,37,25,N
3814,37,26,N
3815,37,27,N
3816,37,28,N
3817,37,29,N
3818,37,30,N
3819,37,31,N
3820,37,32,N
3821,37,33,N
3822,37,34,N
3823,37,35,N
3824,37,36,N
3825,37,37,N
3826,37,38,N
3827,37,39,N
3828,37,40,N
3829,37,41,N
3830,37,42,N
3831,37,43,N
3832,37,44,N
3833,37,45,N
3834,37,46,N
3835,37,47,N
3836,37,48,N
3837,37,49,N
3838,37,50,N
3839,37,51,N
3840,37,52,N
3841,37,53,N
3842,37,54,N
3843,37,55,N
3844,37,56,N
3845,37,57,N
3846,37,58,N
3847,37,59,N
3848,37,60,N
3849,37,61,N
3850,37,62,N
3851,37,63,N
3852,37,64,N
3853,37,65,N
3854,37,66,N
3855,37,67,N
3856,37,68,N
3857,37,69,N
3858,37,70,N
3859,37,71,N
3860,37,72,N
3861,37,73,N
3862,37,74,N
3863,37,75,Y
3864,37,76,N
3865,37,77,N
3866,37,78,N
3867,37,79,N
3868,37,80,N
3869,37,81,N
3870,37,82,N
3871,37,83,N
3872,37,84,N
3873,37,85,N
3874,37,86,N
3875,37,87,N
3876,37,88,N
3877,37,89,N
3878,37,90,N
3879,37,91,N
3880,37,92,N
3881,37,93,N
3882,37,94,N
3883,37,95,N
3884,37,96,N
3885,37,97,N
3886,37,98,N
3887,37,99,N
3888,37,100,N
3889,37,101,N
3890,37,102,N
3891,37,103,N
3892,37,104,N
3893,37,105,N
3894,37,106,N
3895,37,107,N
3896,37,108,N
3897,37,109,N
3898,37,110,N
3899,37,111,N
3900,37,112,N
3901,37,113,N
3902,37,114,Y
3903,37,115,N
3904,37,116,N
3905,37,117,N
3906,37,118,N
3907,37,119,N
3908,37,120,N
3909,37,121,N
3910,37,122,N
3911,37,123,N
3912,37,124,N
3913,37,125,N
3914,37,126,N
3915,37,127,N
3916,37,128,N
3917,37,129,N
3918,37,130,N
3919,37,131,N
3920,37,132,N
3921,37,133,N
3922,37,134,N
3923,37,135,N
3924,37,136,N
3925,37,137,N
3926,37,138,Y
3927,37,139,N
3928,37,140,N
3929,37,141,N
3930,37,142,N
3931,37,143,N
3932,37,144,N
3933,37,145,N
3934,37,146,N
3935,37,147,N
3936,37,148,N
3937,37,149,N
3938,37,150,N
3939,37,151,N
3940,37,152,N
3941,37,153,N
3942,37,154,N
3943,37,155,N
3944,37,156,N
3945,37,157,N
3946,37,158,N
3947,37,159,N
3948,37,160,N
3949,37,161,N
3950,37,162,N
3951,37,163,N
3952,37,164,N
3953,37,165,N
3954,37,166,N
3955,37,167,N
3956,37,168,N
3957,37,169,N
3958,37,170,N
3959,37,171,N
3960,37,172,N
3961,37,173,N
3962,37,174,N
3963,37,175,N
3964,37,176,N
3965,37,177,N
3966,37,178,N
3967,37,179,N
3968,37,180,N
3969,37,181,N
3970,37,182,N
3971,38,1,Y
3972,38,2,N
3973,38,3,N
3974,38,4,N
3975,38,5,N
3976,38,6,N
3977,38,7,N
3978,38,8,N
3979,38,9,N
3980,38,10,N
3981,38,11,N
3982,38,12,N
3983,38,13,N
3984,38,14,N
3985,38,15,Y
3986,38,16,N
3987,38,17,N
3988,38,18,N
3989,38,19,N
3990,38,20,N
3991,38,21,N
3992,38,22,N
3993,38,23,N
3994,38,24,N
3995,38,25,N
3996,38,26,N
3997,38,27,Y
3998,38,28,N
3999,38,29,N
4000,38,30,N
4001,38,31,N
4002,38,32,N
4003,38,33,N
4004,38,34,N
4005,38,35,N
4006,38,36,N
4007,38,37,N
4008,38,38,N
4009,38,39,N
4010,38,40,N
4011,38,41,Y
4012,38,42,N
4013,38,43,N
4014,38,44,N
4015,38,45,N
4016,38,46,N
4017,38,47,N
4018,38,48,N
4019,38,49,N
4020,38,50,N
4021,38,51,N
4022,38,52,N
4023,38,53,N
4024,38,54,N
4025,38,55,N
4026,38,56,N
4027,38,57,N
4028,38,58,N
4029,38,59,N
4030,38,60,N
4031,38,61,N
4032,38,62,N
4033,38,63,N
4034,38,64,N
4035,38,65,Y
4036,38,66,N
4037,38,67,N
4038,38,68,N
4039,38,69,N
4040,38,70,N
4041,38,71,N
4042,38,72,N
4043,38,73,N
4044,38,74,N
4045,38,75,N
4046,38,76,N
4047,38,77,N
4048,38,78,N
4049,38,79,N
4050,38,80,N
4051,38,81,N
4052,38,82,N
4053,38,83,N
4054,38,84,N
4055,38,85,N
4056,38,86,N
4057,38,87,N
4058,38,88,N
4059,39,1,Y
4060,39,2,N
4061,39,3,N
4062,39,4,N
4063,39,5,N
4064,39,6,N
4065,39,7,N
4066,39,8,N
4067,39,9,N
4068,39,10,Y
4069,39,11,N
4070,39,12,N
4071,39,13,N
4072,39,14,N
4073,39,15,N
4074,39,16,N
4075,39,17,N
4076,39,18,N
4077,39,19,N
4078,39,20,N
4079,39,21,N
4080,39,22,Y
4081,39,23,N
4082,39,24,N
4083,39,25,N
4084,39,26,N
4085,39,27,N
4086,39,28,N
4087,39,29,N
4088,39,30,N
4089,39,31,N
4090,39,32,Y
4091,39,33,N
4092,39,34,N
4093,39,35,N
4094,39,36,N
4095,39,37,N
4096,39,38,N
4097,39,39,N
4098,39,40,N
4099,39,41,N
4100,39,42,Y
4101,39,43,N
4102,39,44,N
4103,39,45,N
4104,39,46,N
4105,39,47,N
4106,39,48,N
4107,39,49,N
4108,39,50,N
4109,39,51,N
4110,39,52,N
4111,39,53,N
4112,39,54,N
4113,39,55,N
4114,39,56,N
4115,39,57,Y
4116,39,58,N
4117,39,59,N
4118,39,60,N
4119,39,61,N
4120,39,62,N
4121,39,63,N
4122,39,64,Y
4123,39,65,N
4124,39,66,N
4125,39,67,N
4126,39,68,N
4127,39,69,N
4128,39,70,N
4129,39,71,Y
4130,39,72,N
4131,39,73,N
4132,39,74,N
4133,39,75,N
4134,40,1,Y
4135,40,2,N
4136,40,3,N
4137,40,4,N
4138,40,5,N
4139,40,6,N
4140,40,7,N
4141,40,8,N
4142,40,9,N
4143,40,10,Y
4144,40,11,N
4145,40,12,N
4146,40,13,N
4147,40,14,N
4148,40,15,N
4149,40,16,N
4150,40,17,N
4151,40,18,N
4152,40,19,N
4153,40,20,N
4154,40,21,Y
4155,40,22,N
4156,40,23,N
4157,40,24,N
4158,40,25,N
4159,40,26,N
4160,40,27,N
4161,40,28,Y
4162,40,29,N
4163,40,30,N
4164,40,31,N
4165,40,32,N
4166,40,33,N
4167,40,34,N
4168,40,35,N
4169,40,36,N
4170,40,37,N
4171,40,38,Y
4172,40,39,N
4173,40,40,N
4174,40,41,N
4175,40,42,N
4176,40,43,N
4177,40,44,N
4178,40,45,N
4179,40,46,N
4180,40,47,N
4181,40,48,N
4182,40,49,N
4183,40,50,N
4184,40,51,Y
4185,40,52,N
4186,40,53,N
4187,40,54,N
4188,40,55,N
4189,40,56,N
4190,40,57,N
4191,40,58,N
4192,40,59,N
4193,40,60,N
4194,40,61,Y
4195,40,62,N
4196,40,63,N
4197,40,64,N
4198,40,65,N
4199,40,66,N
4200,40,67,N
4201,40,68,N
4202,40,69,Y
4203,40,70,N
4204,40,71,N
4205,40,72,N
4206,40,73,N
4207,40,74,N
4208,40,75,N
4209,40,76,N
4210,40,77,N
4211,40,78,N
4212,40,79,Y
4213,40,80,N
4214,40,81,N
4215,40,82,N
4216,40,83,N
4217,40,84,N
4218,40,85,N
4219,41,1,Y
4220,41,2,N
4221,41,3,N
4222,41,4,N
4223,41,5,N
4224,41,6,N
4225,41,7,N
4226,41,8,N
4227,41,9,Y
4228,41,10,N
4229,41,11,N
4230,41,12,N
4231,41,13,N
4232,41,14,N
4233,41,15,N
4234,41,16,N
4235,41,17,N
4236,41,18,N
4237,41,19,Y
4238,41,20,N
4239,41,21,N
4240,41,22,N
4241,41,23,N
4242,41,24,N
4243,41,25,N
4244,41,26,Y
4245,41,27,N
4246,41,28,N
4247,41,29,N
4248,41,30,N
4249,41,31,N
4250,41,32,N
4251,41,33,Y
4252,41,34,N
4253,41,35,N
4254,41,36,N
4255,41,37,N
4256,41,38,N
4257,41,39,N
4258,41,40,N
4259,41,41,N
4260,41,42,N
4261,41,43,N
4262,41,44,N
4263,41,45,Y
4264,41,46,N
4265,41,47,N
4266,41,48,N
4267,41,49,N
4268,41,50,N
4269,41,51,N
4270,41,52,N
4271,41,53,N
4272,41,54,N
4273,42,1,Y
4274,42,2,N
4275,42,3,N
4276,42,4,N
4277,42,5,N
4278,42,6,N
4279,42,7,N
4280,42,8,N
4281,42,9,N
4282,42,10,Y
4283,42,11,N
4284,42,12,N
4285,42,13,N
4286,42,14,N
4287,42,15,N
4288,42,16,N
4289,42,17,N
4290,42,18,N
4291,42,19,N
4292,42,20,Y
4293,42,21,N
4294,42,22,N
4295,42,23,N
4296,42,24,N
4297,42,25,N
4298,42,26,N
4299,42,27,N
4300,42,28,N
4301,42,29,N
4302,42,30,Y
4303,42,31,N
4304,42,32,N
4305,42,33,N
4306,42,34,N
4307,42,35,N
4308,42,36,N
4309,42,37,N
4310,42,38,N
4311,42,39,N
4312,42,40,N
4313,42,41,N
4314,42,42,N
4315,42,43,N
4316,42,44,Y
4317,42,45,N
4318,42,46,N
4319,42,47,N
4320,42,48,N
4321,42,49,N
4322,42,50,N
4323,42,51,N
4324,42,52,N
4325,42,53,N
4326,43,1,Y
4327,43,2,N
4328,43,3,N
4329,43,4,N
4330,43,5,N
4331,43,6,N
4332,43,7,N
4333,43,8,N
4334,43,9,N
4335,43,10,N
4336,43,11,N
4337,43,12,N
4338,43,13,N
4339,43,14,N
4340,43,15,N
4341,43,16,Y
4342,43,17,N
4343,43,18,N
4344,43,19,N
4345,43,20,N
4346,43,21,N
4347,43,22,N
4348,43,23,N
4349,43,24,N
4350,43,25,N
4351,43,26,Y
4352,43,27,N
4353,43,28,N
4354,43,29,N
4355,43,30,N
4356,43,31,N
4357,43,32,N
4358,43,33,N
4359,43,34,N
4360,43,35,N
4361,43,36,Y
4362,43,37,N
4363,43,38,N
4364,43,39,N
4365,43,40,N
4366,43,41,N
4367,43,42,N
4368,43,43,N
4369,43,44,N
4370,43,45,N
4371,43,46,Y
4372,43,47,N
4373,43,48,N
4374,43,49,N
4375,43,50,N
4376,43,51,N
4377,43,52,N
4378,43,53,N
4379,43,54,N
4380,43,55,N
4381,43,56,N
4382,43,57,Y
4383,43,58,N
4384,43,59,N
4385,43,60,N
4386,43,61,N
4387,43,62,N
4388,43,63,N
4389,43,64,N
4390,43,65,N
4391,43,66,N
4392,43,67,N
4393,43,68,Y
4394,43,69,N
4395,43,70,N
4396,43,71,N
4397,43,72,N
4398,43,73,N
4399,43,74,N
4400,43,75,N
4401,43,76,N
4402,43,77,N
4403,43,78,N
4404,43,79,N
4405,43,80,N
4406,43,81,N
4407,43,82,N
4408,43,83,N
4409,43,84,N
4410,43,85,N
4411,43,86,N
4412,43,87,N
4413,43,88,N
4414,43,89,N
4415,44,1,Y
4416,44,2,N
4417,44,3,N
4418,44,4,N
4419,44,5,N
4420,44,6,N
4421,44,7,N
4422,44,8,N
4423,44,9,N
4424,44,10,N
4425,44,11,N
4426,44,12,N
4427,44,13,N
4428,44,14,N
4429,44,15,N
4430,44,16,N
4431,44,17,N
4432,44,18,N
4433,44,19,N
4434,44,20,N
4435,44,21,N
4436,44,22,N
4437,44,23,N
4438,44,24,N
4439,44,25,N
4440,44,26,N
4441,44,27,N
4442,44,28,N
4443,44,29,N
4444,44,30,Y
4445,44,31,N
4446,44,32,N
4447,44,33,N
4448,44,34,N
4449,44,35,N
4450,44,36,N
4451,44,37,N
4452,44,38,N
4453,44,39,N
4454,44,40,N
4455,44,41,N
4456,44,42,N
4457,44,43,Y
4458,44,44,N
4459,44,45,N
4460,44,46,N
4461,44,47,N
4462,44,48,N
4463,44,49,N
4464,44,50,N
4465,44,51,N
4466,44,52,N
4467,44,53,N
4468,44,54,N
4469,44,55,N
4470,44,56,N
4471,44,57,N
4472,44,58,N
4473,44,59,N
4474,45,1,Y
4475,45,2,N
4476,45,3,N
4477,45,4,N
4478,45,5,N
4479,45,6,N
4480,45,7,N
4481,45,8,N
4482,45,9,N
4483,45,10,N
4484,45,11,N
4485,45,12,Y
4486,45,13,N
4487,45,14,N
4488,45,15,N
4489,45,16,N
4490,45,17,N
4491,45,18,N
4492,45,19,N
4493,45,20,N
4494,45,21,N
4495,45,22,Y
4496,45,23,N
4497,45,24,N
4498,45,25,N
4499,45,26,N
4500,45,27,Y
4501,45,28,N
4502,45,29,N
4503,45,30,N
4504,45,31,N
4505,45,32,N
4506,45,33,N
4507,45,34,N
4508,45,35,N
4509,45,36,N
4510,45,37,N
4511,46,1,Y
4512,46,2,N
4513,46,3,N
4514,46,4,N
4515,46,5,N
4516,46,6,N
4517,46,7,N
4518,46,8,N
4519,46,9,N
4520,46,10,N
4521,46,11,Y
4522,46,12,N
4523,46,13,N
4524,46,14,N
4525,46,15,N
4526,46,16,N
4527,46,17,N
4528,46,18,N
4529,46,19,N
4530,46,20,N
4531,46,21,Y
4532,46,22,N
4533,46,23,N
4534,46,24,N
4535,46,25,N
4536,46,26,N
4537,46,27,Y
4538,46,28,N
4539,46,29,N
4540,46,30,N
4541,46,31,N
4542,46,32,N
4543,46,33,N
4544,46,34,N
4545,46,35,N
4546,47,1,Y
4547,47,2,N
4548,47,3,N
4549,47,4,N
4550,47,5,N
4551,47,6,N
4552,47,7,N
4553,47,8,N
4554,47,9,N
4555,47,10,N
4556,47,11,N
4557,47,12,Y
4558,47,13,N
4559,47,14,N
4560,47,15,N
4561,47,16,N
4562,47,17,N
4563,47,18,N
4564,47,19,N
4565,47,20,Y
4566,47,21,N
4567,47,22,N
4568,47,23,N
4569,47,24,N
4570,47,25,N
4571,47,26,N
4572,47,27,N
4573,47,28,N
4574,47,29,Y
4575,47,30,N
4576,47,31,N
4577,47,32,N
4578,47,33,N
4579,47,34,N
4580,47,35,N
4581,47,36,N
4582,47,37,N
4583,47,38,N
4584,48,1,Y
4585,48,2,N
4586,48,3,N
4587,48,4,N
4588,48,5,N
4589,48,6,N
4590,48,7,N
4591,48,8,N
4592,48,9,N
4593,48,10,N
4594,48,11,Y
4595,48,12,N
4596,48,13,N
4597,48,14,N
4598,48,15,N
4599,48,16,N
4600,48,17,N
4601,48,18,Y
4602,48,19,N
4603,48,20,N
4604,48,21,N
4605,48,22,N
4606,48,23,N
4607,48,24,N
4608,48,25,N
4609,48,26,N
4610,48,27,Y
4611,48,28,N
4612,48,29,N
4613,49,1,Y
4614,49,2,N
4615,49,3,N
4616,49,4,N
4617,49,5,N
4618,49,6,N
4619,49,7,N
4620,49,8,N
4621,49,9,N
4622,49,10,N
4623,49,11,Y
4624,49,12,N
4625,49,13,N
4626,49,14,N
4627,49,15,N
4628,49,16,N
4629,49,17,N
4630,49,18,N
4631,50,1,Y
4632,50,2,N
4633,50,3,N
4634,50,4,N
4635,50,5,N
4636,50,6,N
4637,50,7,N
4638,50,8,N
4639,50,9,N
4640,50,10,N
4641,50,11,N
4642,50,12,N
4643,50,13,N
4644,50,14,N
4645,50,15,N
4646,50,16,Y
4647,50,17,N
4648,50,18,N
4649,50,19,N
4650,50,20,N
4651,50,21,N
4652,50,22,N
4653,50,23,N
4654,50,24,N
4655,50,25,N
4656,50,26,N
4657,50,27,N
4658,50,28,N
4659,50,29,N
4660,50,30,Y
4661,50,31,N
4662,50,32,N
4663,50,33,N
4664,50,34,N
4665,50,35,N
4666,50,36,N
4667,50,37,N
4668,50,38,N
4669,50,39,N
4670,50,40,N
4671,50,41,N
4672,50,42,N
4673,50,43,N
4674,50,44,N
4675,50,45,N
4676,51,1,Y
4677,51,2,N
4678,51,3,N
4679,51,4,N
4680,51,5,N
4681,51,6,N
4682,51,7,N
4683,51,8,N
4684,51,9,N
4685,51,10,N
4686,51,11,N
4687,51,12,N
4688,51,13,N
4689,51,14,N
4690,51,15,N
4691,51,16,N
4692,51,17,N
4693,51,18,N
4694,51,19,N
4695,51,20,N
4696,51,21,N
4697,51,22,N
4698,51,23,N
4699,51,24,Y
4700,51,25,N
4701,51,26,N
4702,51,27,N
4703,51,28,N
4704,51,29,N
4705,51,30,N
4706,51,31,N
4707,51,32,N
4708,51,33,N
4709,51,34,N
4710,51,35,N
4711,51,36,N
4712,51,37,N
4713,51,38,N
4714,51,39,N
4715,51,40,N
4716,51,41,N
4717,51,42,N
4718,51,43,N
4719,51,44,N
4720,51,45,N
4721,51,46,N
4722,51,47,Y
4723,51,48,N
4724,51,49,N
4725,51,50,N
4726,51,51,N
4727,51,52,N
4728,51,53,N
4729,51,54,N
4730,51,55,N
4731,51,56,N
4732,51,57,N
4733,51,58,N
4734,51,59,N
4735,51,60,N
4736,52,1,Y
4737,52,2,N
4738,52,3,N
4739,52,4,N
4740,52,5,N
4741,52,6,N
4742,52,7,N
4743,52,8,N
4744,52,9,N
4745,52,10,N
4746,52,11,N
4747,52,12,N
4748,52,13,N
4749,52,14,N
4750,52,15,N
4751,52,16,N
4752,52,17,N
4753,52,18,N
4754,52,19,N
4755,52,20,N
4756,52,21,N
4757,52,22,N
4758,52,23,N
4759,52,24,N
4760,52,25,N
4761,52,26,N
4762,52,27,N
4763,52,28,N
4764,52,29,Y
4765,52,30,N
4766,52,31,N
4767,52,32,N
4768,52,33,N
4769,52,34,N
4770,52,35,N
4771,52,36,N
4772,52,37,N
4773,52,38,N
4774,52,39,N
4775,52,40,N
4776,52,41,N
4777,52,42,N
4778,52,43,N
4779,52,44,N
4780,52,45,N
4781,52,46,N
4782,52,47,N
4783,52,48,N
4784,52,49,N
4785,53,1,Y
4786,53,2,N
4787,53,3,N
4788,53,4,N
4789,53,5,N
4790,53,6,N
4791,53,7,N
4792,53,8,N
4793,53,9,N
4794,53,10,N
4795,53,11,N
4796,53,12,N
4797,53,13,N
4798,53,14,N
4799,53,15,N
4800,53,16,N
4801,53,17,N
4802,53,18,N
4803,53,19,N
4804,53,20,N
4805,53,21,N
4806,53,22,N
4807,53,23,N
4808,53,24,N
4809,53,25,N
4810,53,26,Y
4811,53,27,N
4812,53,28,N
4813,53,29,N
4814,53,30,N
4815,53,31,N
4816,53,32,N
4817,53,33,Y
4818,53,34,N
4819,53,35,N
4820,53,36,N
4821,53,37,N
4822,53,38,N
4823,53,39,N
4824,53,40,N
4825,53,41,N
4826,53,42,N
4827,53,43,N
4828,53,44,N
4829,53,45,N
4830,53,46,N
4831,53,47,N
4832,53,48,N
4833,53,49,N
4834,53,50,N
4835,53,51,N
4836,53,52,N
4837,53,53,N
4838,53,54,N
4839,53,55,N
4840,53,56,N
4841,53,57,N
4842,53,58,N
4843,53,59,N
4844,53,60,N
4845,53,61,N
4846,53,62,N
4847,54,1,Y
4848,54,2,N
4849,54,3,N
4850,54,4,N
4851,54,5,N
4852,54,6,N
4853,54,7,N
4854,54,8,N
4855,54,9,N
4856,54,10,N
4857,54,11,N
4858,54,12,N
4859,54,13,N
4860,54,14,N
4861,54,15,N
4862,54,16,N
4863,54,17,N
4864,54,18,N
4865,54,19,N
4866,54,20,N
4867,54,21,N
4868,54,22,N
4869,54,23,Y
4870,54,24,N
4871,54,25,N
4872,54,26,N
4873,54,27,N
4874,54,28,N
4875,54,29,N
4876,54,30,N
4877,54,31,N
4878,54,32,N
4879,54,33,N
4880,54,34,N
4881,54,35,N
4882,54,36,N
4883,54,37,N
4884,54,38,N
4885,54,39,N
4886,54,40,N
4887,54,41,Y
4888,54,42,N
4889,54,43,N
4890,54,44,N
4891,54,45,N
4892,54,46,N
4893,54,47,N
4894,54,48,N
4895,54,49,N
4896,54,50,N
4897,54,51,N
4898,54,52,N
4899,54,53,N
4900,54,54,N
4901,54,55,N
4902,55,1,Y
4903,55,2,N
4904,55,3,N
4905,55,4,N
4906,55,5,N
4907,55,6,N
4908,55,7,N
4909,55,8,N
4910,55,9,N
4911,55,10,N
4912,55,11,N
4913,55,12,N
4914,55,13,N
4915,55,14,N
4916,55,15,N
4917,55,16,N
4918,55,17,N
4919,55,18,N
4920,55,19,N
4921,55,20,N
4922,55,21,N
4923,55,22,N
4924,55,23,N
4925,55,24,N
4926,55,25,N
4927,55,26,Y
4928,55,27,N
4929,55,28,N
4930,55,29,N
4931,55,30,N
4932,55,31,N
4933,55,32,N
4934,55,33,N
4935,55,34,N
4936,55,35,N
4937,55,36,N
4938,55,37,N
4939,55,38,N
4940,55,39,N
4941,55,40,N
4942,55,41,N
4943,55,42,N
4944,55,43,N
4945,55,44,N
4946,55,45,N
4947,55,46,Y
4948,55,47,N
4949,55,48,N
4950,55,49,N
4951,55,50,N
4952,55,51,N
4953,55,52,N
4954,55,53,N
4955,55,54,N
4956,55,55,N
4957,55,56,N
4958,55,57,N
4959,55,58,N
4960,55,59,N
4961,55,60,N
4962,55,61,N
4963,55,62,N
4964,55,63,N
4965,55,64,N
4966,55,65,N
4967,55,66,N
4968,55,67,N
4969,55,68,N
4970,55,69,N
4971,55,70,N
4972,55,71,N
4973,55,72,N
4974,55,73,N
4975,55,74,N
4976,55,75,N
4977,55,76,N
4978,55,77,N
4979,55,78,N
4980,56,1,Y
4981,56,2,N
4982,56,3,N
4983,56,4,N
4984,56,5,N
4985,56,6,N
4986,56,7,N
4987,56,8,N
4988,56,9,N
4989,56,10,N
4990,56,11,N
4991,56,12,N
4992,56,13,N
4993,56,14,N
4994,56,15,N
4995,56,16,N
4996,56,17,N
4997,56,18,N
4998,56,19,N
4999,56,20,N
5000,56,21,N
5001,56,22,N
5002,56,23,N
5003,56,24,N
5004,56,25,N
5005,56,26,N
5006,56,27,N
5007,56,28,N
5008,56,29,N
5009,56,30,N
5010,56,31,N
5011,56,32,N
5012,56,33,N
5013,56,34,N
5014,56,35,N
5015,56,36,N
5016,56,37,N
5017,56,38,N
5018,56,39,Y
5019,56,40,N
5020,56,41,N
5021,56,42,N
5022,56,43,N
5023,56,44,N
5024,56,45,N
5025,56,46,N
5026,56,47,N
5027,56,48,N
5028,56,49,N
5029,56,50,N
5030,56,51,N
5031,56,52,N
5032,56,53,N
5033,56,54,N
5034,56,55,N
5035,56,56,N
5036,56,57,N
5037,56,58,N
5038,56,59,N
5039,56,60,N
5040,56,61,N
5041,56,62,N
5042,56,63,N
5043,56,64,N
5044,56,65,N
5045,56,66,N
5046,56,67,N
5047,56,68,N
5048,56,69,N
5049,56,70,N
5050,56,71,N
5051,56,72,N
5052,56,73,N
5053,56,74,N
5054,56,75,Y
5055,56,76,N
5056,56,77,N
5057,56,78,N
5058,56,79,N
5059,56,80,N
5060,56,81,N
5061,56,82,N
5062,56,83,N
5063,56,84,N
5064,56,85,N
5065,56,86,N
5066,56,87,N
5067,56,88,N
5068,56,89,N
5069,56,90,N
5070,56,91,N
5071,56,92,N
5072,56,93,N
5073,56,94,N
5074,56,95,N
5075,56,96,N
5076,57,1,Y
5077,57,2,N
5078,57,3,N
5079,57,4,N
5080,57,5,N
5081,57,6,N
5082,57,7,N
5083,57,8,N
5084,57,9,N
5085,57,10,N
5086,57,11,Y
5087,57,12,N
5088,57,13,N
5089,57,14,N
5090,57,15,N
5091,57,16,N
5092,57,17,N
5093,57,18,N
5094,57,19,N
5095,57,20,Y
5096,57,21,N
5097,57,22,N
5098,57,23,N
5099,57,24,N
5100,57,25,N
5101,57,26,Y
5102,57,27,N
5103,57,28,N
5104,57,29,N
5105,58,1,Y
5106,58,2,N
5107,58,3,N
5108,58,4,N
5109,58,5,N
5110,58,6,N
5111,58,7,Y
5112,58,8,N
5113,58,9,N
5114,58,10,N
5115,58,11,N
5116,58,12,N
5117,58,13,N
5118,58,14,Y
5119,58,15,N
5120,58,16,N
5121,58,17,N
5122,58,18,N
5123,58,19,N
5124,58,20,N
5125,58,21,N
5126,58,22,N
5127,59,1,Y
5128,59,2,N
5129,59,3,N
5130,59,4,N
5131,59,5,N
5132,59,6,N
5133,59,7,N
5134,59,8,N
5135,59,9,N
5136,59,10,N
5137,59,11,Y
5138,59,12,N
5139,59,13,N
5140,59,14,N
5141,59,15,N
5142,59,16,N
5143,59,17,N
5144,59,18,Y
5145,59,19,N
5146,59,20,N
5147,59,21,N
5148,59,22,N
5149,59,23,N
5150,59,24,N
5151,60,1,Y
5152,60,2,N
5153,60,3,N
5154,60,4,N
5155,60,5,N
5156,60,6,Y
5157,60,7,N
5158,60,8,N
5159,60,9,N
5160,60,10,N
5161,60,11,N
5162,60,12,N
5163,60,13,N
5164,61,1,Y
5165,61,2,N
5166,61,3,N
5167,61,4,N
5168,61,5,N
5169,61,6,N
5170,61,7,N
5171,61,8,N
5172,61,9,N
5173,61,10,Y
5174,61,11,N
5175,61,12,N
5176,61,13,N
5177,61,14,N
5178,62,1,Y
5179,62,2,N
5180,62,3,N
5181,62,4,N
5182,62,5,N
5183,62,6,N
5184,62,7,N
5185,62,8,N
5186,62,9,Y
5187,62,10,N
5188,62,11,N
5189,63,1,Y
5190,63,2,N
5191,63,3,N
5192,63,4,N
5193,63,5,N
5194,63,6,N
5195,63,7,N
5196,63,8,N
5197,63,9,Y
5198,63,10,N
5199,63,11,N
5200,64,1,Y
5201,64,2,N
5202,64,3,N
5203,64,4,N
5204,64,5,N
5205,64,6,N
5206,64,7,N
5207,64,8,N
5208,64,9,N
5209,64,10,N
5210,64,11,Y
5211,64,12,N
5212,64,13,N
5213,64,14,N
5214,64,15,N
5215,64,16,N
5216,64,17,N
5217,64,18,N
5218,65,1,Y
5219,65,2,N
5220,65,3,N
5221,65,4,N
5222,65,5,N
5223,65,6,N
5224,65,7,N
5225,65,8,Y
5226,65,9,N
5227,65,10,N
5228,65,11,N
5229,65,12,N
5230,66,1,Y
5231,66,2,N
5232,66,3,N
5233,66,4,N
5234,66,5,N
5235,66,6,N
5236,66,7,N
5237,66,8,Y
5238,66,9,N
5239,66,10,N
5240,66,11,N
5241,66,12,N
5242,67,1,Y
5243,67,2,N
5244,67,3,N
5245,67,4,N
5246,67,5,N
5247,67,6,N
5248,67,7,N
5249,67,8,N
5250,67,9,N
5251,67,10,N
5252,67,11,N
5253,67,12,N
5254,67,13,N
5255,67,14,N
5256,67,15,Y
5257,67,16,N
5258,67,17,N
5259,67,18,N
5260,67,19,N
5261,67,20,N
5262,67,21,N
5263,67,22,N
5264,67,23,N
5265,67,24,N
5266,67,25,N
5267,67,26,N
5268,67,27,N
5269,67,28,N
5270,67,29,N
5271,67,30,N
5272,68,1,Y
5273,68,2,N
5274,68,3,N
5275,68,4,N
5276,68,5,N
5277,68,6,N
5278,68,7,N
5279,68,8,N
5280,68,9,N
5281,68,10,N
5282,68,11,N
5283,68,12,N
5284,68,13,N
5285,68,14,N
5286,68,15,N
5287,68,16,N
5288,68,17,N
5289,68,18,N
5290,68,19,N
5291,68,20,N
5292,68,21,N
5293,68,22,N
5294,68,23,N
5295,68,24,N
5296,68,25,N
5297,68,26,N
5298,68,27,N
5299,68,28,N
5300,68,29,N
5301,68,30,N
5302,68,31,N
5303,68,32,N
5304,68,33,N
5305,68,34,Y
5306,68,35,N
5307,68,36,N
5308,68,37,N
5309,68,38,N
5310,68,39,N
5311,68,40,N
5312,68,41,N
5313,68,42,N
5314,68,43,N
5315,68,44,N
5316,68,45,N
5317,68,46,N
5318,68,47,N
5319,68,48,N
5320,68,49,N
5321,68,50,N
5322,68,51,N
5323,68,52,N
5324,69,1,Y
5325,69,2,N
5326,69,3,N
5327,69,4,N
5328,69,5,N
5329,69,6,N
5330,69,7,N
5331,69,8,N
5332,69,9,N
5333,69,10,N
5334,69,11,N
5335,69,12,N
5336,69,13,N
5337,69,14,N
5338,69,15,N
5339,69,16,N
5340,69,17,N
5341,69,18,N
5342,69,19,N
5343,69,20,N
5344,69,21,N
5345,69,22,N
5346,69,23,N
5347,69,24,N
5348,69,25,N
5349,69,26,N
5350,69,27,N
5351,69,28,N
5352,69,29,N
5353,69,30,N
5354,69,31,N
5355,69,32,N
5356,69,33,N
5357,69,34,N
5358,69,35,N
5359,69,36,N
5360,69,37,N
5361,69,38,Y
5362,69,39,N
5363,69,40,N
5364,69,41,N
5365,69,42,N
5366,69,43,N
5367,69,44,N
5368,69,45,N
5369,69,46,N
5370,69,47,N
5371,69,48,N
5372,69,49,N
5373,69,50,N
5374,69,51,N
5375,69,52,N
5376,70,1,Y
5377,70,2,N
5378,70,3,N
5379,70,4,N
5380,70,5,N
5381,70,6,N
5382,70,7,N
5383,70,8,N
5384,70,9,N
5385,70,10,N
5386,70,11,N
5387,70,12,N
5388,70,13,N
5389,70,14,N
5390,70,15,N
5391,70,16,N
5392,70,17,N
5393,70,18,N
5394,70,19,N
5395,70,20,N
5396,70,21,N
5397,70,22,N
5398,70,23,N
5399,70,24,N
5400,70,25,N
5401,70,26,N
5402,70,27,N
5403,70,28,N
5404,70,29,N
5405,70,30,N
5406,70,31,N
5407,70,32,N
5408,70,33,N
5409,70,34,N
5410,70,35,N
5411,70,36,Y
5412,70,37,N
5413,70,38,N
5414,70,39,N
5415,70,40,N
5416,70,41,N
5417,70,42,N
5418,70,43,N
5419,70,44,N
5420,71,1,Y
5421,71,2,N
5422,71,3,N
5423,71,4,N
5424,71,5,N
5425,71,6,N
5426,71,7,N
5427,71,8,N
5428,71,9,N
5429,71,10,N
5430,71,11,N
5431,71,12,N
5432,71,13,N
5433,71,14,N
5434,71,15,N
5435,71,16,N
5436,71,17,N
5437,71,18,N
5438,71,19,N
5439,71,20,N
5440,71,21,Y
5441,71,22,N
5442,71,23,N
5443,71,24,N
5444,71,25,N
5445,71,26,N
5446,71,27,N
5447,71,28,N
5448,72,1,Y
5449,72,2,N
5450,72,3,N
5451,72,4,N
5452,72,5,N
5453,72,6,N
5454,72,7,N
5455,72,8,N
5456,72,9,N
5457,72,10,N
5458,72,11,N
5459,72,12,N
5460,72,13,N
5461,72,14,N
5462,72,15,N
5463,72,16,N
5464,72,17,N
5465,72,18,N
5466,72,19,N
5467,72,20,Y
5468,72,21,N
5469,72,22,N
5470,72,23,N
5471,72,24,N
5472,72,25,N
5473,72,26,N
5474,72,27,N
5475,72,28,N
5476,73,1,Y
5477,73,2,N
5478,73,3,N
5479,73,4,N
5480,73,5,N
5481,73,6,N
5482,73,7,N
5483,73,8,N
5484,73,9,N
5485,73,10,N
5486,73,11,N
5487,73,12,N
5488,73,13,N
5489,73,14,N
5490,73,15,N
5491,73,16,N
5492,73,17,N
5493,73,18,N
5494,73,19,N
5495,73,20,Y
5496,74,1,Y
5497,74,2,N
5498,74,3,N
5499,74,4,N
5500,74,5,N
5501,74,6,N
5502,74,7,N
5503,74,8,N
5504,74,9,N
5505,74,10,N
5506,74,11,N
5507,74,12,N
5508,74,13,N
5509,74,14,N
5510,74,15,N
5511,74,16,N
5512,74,17,N
5513,74,18,N
5514,74,19,N
5515,74,20,N
5516,74,21,N
5517,74,22,N
5518,74,23,N
5519,74,24,N
5520,74,25,N
5521,74,26,N
5522,74,27,N
5523,74,28,N
5524,74,29,N
5525,74,30,N
5526,74,31,N
5527,74,32,Y
5528,74,33,N
5529,74,34,N
5530,74,35,N
5531,74,36,N
5532,74,37,N
5533,74,38,N
5534,74,39,N
5535,74,40,N
5536,74,41,N
5537,74,42,N
5538,74,43,N
5539,74,44,N
5540,74,45,N
5541,74,46,N
5542,74,47,N
5543,74,48,N
5544,74,49,N
5545,74,50,N
5546,74,51,N
5547,74,52,N
5548,74,53,N
5549,74,54,N
5550,74,55,N
5551,74,56,N
5552,75,1,Y
5553,75,2,N
5554,75,3,N
5555,75,4,N
5556,75,5,N
5557,75,6,N
5558,75,7,N
5559,75,8,N
5560,75,9,N
5561,75,10,N
5562,75,11,N
5563,75,12,N
5564,75,13,N
5565,75,14,N
5566,75,15,N
5567,75,16,N
5568,75,17,N
5569,75,18,N
5570,75,19,N
5571,75,20,N
5572,75,21,N
5573,75,22,N
5574,75,23,N
5575,75,24,N
5576,75,25,N
5577,75,26,N
5578,75,27,N
5579,75,28,N
5580,75,29,N
5581,75,30,N
5582,75,31,Y
5583,75,32,N
5584,75,33,N
5585,75,34,N
5586,75,35,N
5587,75,36,N
5588,75,37,N
5589,75,38,N
5590,75,39,N
5591,75,40,N
5592,76,1,Y
5593,76,2,N
5594,76,3,N
5595,76,4,N
5596,76,5,N
5597,76,6,N
5598,76,7,N
5599,76,8,N
5600,76,9,N
5601,76,10,N
5602,76,11,N
5603,76,12,N
5604,76,13,N
5605,76,14,N
5606,76,15,N
5607,76,16,N
5608,76,17,N
5609,76,18,N
5610,76,19,N
5611,76,20,N
5612,76,21,N
5613,76,22,N
5614,76,23,Y
5615,76,24,N
5616,76,25,N
5617,76,26,N
5618,76,27,N
5619,76,28,N
5620,76,29,N
5621,76,30,N
5622,76,31,N
5623,77,1,Y
5624,77,2,N
5625,77,3,N
5626,77,4,N
5627,77,5,N
5628,77,6,N
5629,77,7,N
5630,77,8,N
5631,77,9,N
5632,77,10,N
5633,77,11,N
5634,77,12,N
5635,77,13,N
5636,77,14,N
5637,77,15,N
5638,77,16,N
5639,77,17,N
5640,77,18,N
5641,77,19,N
5642,77,20,N
5643,77,21,N
5644,77,22,N
5645,77,23,N
5646,77,24,N
5647,77,25,N
5648,77,26,N
5649,77,27,N
5650,77,28,N
5651,77,29,N
5652,77,30,N
5653,77,31,N
5654,77,32,N
5655,77,33,N
5656,77,34,N
5657,77,35,N
5658,77,36,N
5659,77,37,N
5660,77,38,N
5661,77,39,N
5662,77,40,N
5663,77,41,Y
5664,77,42,N
5665,77,43,N
5666,77,44,N
5667,77,45,N
5668,77,46,N
5669,77,47,N
5670,77,48,N
5671,77,49,N
5672,77,50,N
5673,78,1,Y
5674,78,2,N
5675,78,3,N
5676,78,4,N
5677,78,5,N
5678,78,6,N
5679,78,7,N
5680,78,8,N
5681,78,9,N
5682,78,10,N
5683,78,11,N
5684,78,12,N
5685,78,13,N
5686,78,14,N
5687,78,15,N
5688,78,16,N
5689,78,17,N
5690,78,18,N
5691,78,19,N
5692,78,20,N
5693,78,21,N
5694,78,22,N
5695,78,23,N
5696,78,24,N
5697,78,25,N
5698,78,26,N
5699,78,27,N
5700,78,28,N
5701,78,29,N
5702,78,30,N
5703,78,31,Y
5704,78,32,N
5705,78,33,N
5706,78,34,N
5707,78,35,N
5708,78,36,N
5709,78,37,N
5710,78,38,N
5711,78,39,N
5712,78,40,N
5713,79,1,Y
5714,79,2,N
5715,79,3,N
5716,79,4,N
5717,79,5,N
5718,79,6,N
5719,79,7,N
5720,79,8,N
5721,79,9,N
5722,79,10,N
5723,79,11,N
5724,79,12,N
5725,79,13,N
5726,79,14,N
5727,79,15,N
5728,79,16,N
5729,79,17,N
5730,79,18,N
5731,79,19,N
5732,79,20,N
5733,79,21,N
5734,79,22,N
5735,79,23,N
5736,79,24,N
5737,79,25,N
5738,79,26,N
5739,79,27,Y
5740,79,28,N
5741,79,29,N
5742,79,30,N
5743,79,31,N
5744,79,32,N
5745,79,33,N
5746,79,34,N
5747,79,35,N
5748,79,36,N
5749,79,37,N
5750,79,38,N
5751,79,39,N
5752,79,40,N
5753,79,41,N
5754,79,42,N
5755,79,43,N
5756,79,44,N
5757,79,45,N
5758,79,46,N
5759,80,1,Y
5760,80,2,N
5761,80,3,N
5762,80,4,N
5763,80,5,N
5764,80,6,N
5765,80,7,N
5766,80,8,N
5767,80,9,N
5768,80,10,N
5769,80,11,N
5770,80,12,N
5771,80,13,N
5772,80,14,N
5773,80,15,N
5774,80,16,N
5775,80,17,N
5776,80,18,N
5777,80,19,N
5778,80,20,N
5779,80,21,N
5780,80,22,N
5781,80,23,N
5782,80,24,N
5783,80,25,N
5784,80,26,N
5785,80,27,N
5786,80,28,N
5787,80,29,N
5788,80,30,N
5789,80,31,N
5790,80,32,N
5791,80,33,N
5792,80,34,N
5793,80,35,N
5794,80,36,N
5795,80,37,N
5796,80,38,N
5797,80,39,N
5798,80,40,N
5799,80,41,N
5800,80,42,N
5801,81,1,Y
5802,81,2,N
5803,81,3,N
5804,81,4,N
5805,81,5,N
5806,81,6,N
5807,81,7,N
5808,81,8,N
5809,81,9,N
5810,81,10,N
5811,81,11,N
5812,81,12,N
5813,81,13,N
5814,81,14,N
5815,81,15,N
5816,81,16,N
5817,81,17,N
5818,81,18,N
5819,81,19,N
5820,81,20,N
5821,81,21,N
5822,81,22,N
5823,81,23,N
5824,81,24,N
5825,81,25,N
5826,81,26,N
5827,81,27,N
5828,81,28,N
5829,81,29,N
5830,82,1,Y
5831,82,2,N
5832,82,3,N
5833,82,4,N
5834,82,5,N
5835,82,6,N
5836,82,7,N
5837,82,8,N
5838,82,9,N
5839,82,10,N
5840,82,11,N
5841,82,12,N
5842,82,13,N
5843,82,14,N
5844,82,15,N
5845,82,16,N
5846,82,17,N
5847,82,18,N
5848,82,19,N
5849,83,1,Y
5850,83,2,N
5851,83,3,N
5852,83,4,N
5853,83,5,N
5854,83,6,N
5855,83,7,N
5856,83,8,N
5857,83,9,N
5858,83,10,N
5859,83,11,N
5860,83,12,N
5861,83,13,N
5862,83,14,N
5863,83,15,N
5864,83,16,N
5865,83,17,N
5866,83,18,N
5867,83,19,N
5868,83,20,N
5869,83,21,N
5870,83,22,N
5871,83,23,N
5872,83,24,N
5873,83,25,N
5874,83,26,N
5875,83,27,N
5876,83,28,N
5877,83,29,N
5878,83,30,N
5879,83,31,N
5880,83,32,N
5881,83,33,N
5882,83,34,N
5883,83,35,N
5884,83,36,N
5885,84,1,Y
5886,84,2,N
5887,84,3,N
5888,84,4,N
5889,84,5,N
5890,84,6,N
5891,84,7,N
5892,84,8,N
5893,84,9,N
5894,84,10,N
5895,84,11,N
5896,84,12,N
5897,84,13,N
5898,84,14,N
5899,84,15,N
5900,84,16,N
5901,84,17,N
5902,84,18,N
5903,84,19,N
5904,84,20,N
5905,84,21,N
5906,84,22,N
5907,84,23,N
5908,84,24,N
5909,84,25,N
5910,85,1,Y
5911,85,2,N
5912,85,3,N
5913,85,4,N
5914,85,5,N
5915,85,6,N
5916,85,7,N
5917,85,8,N
5918,85,9,N
5919,85,10,N
5920,85,11,N
5921,85,12,N
5922,85,13,N
5923,85,14,N
5924,85,15,N
5925,85,16,N
5926,85,17,N
5927,85,18,N
5928,85,19,N
5929,85,20,N
5930,85,21,N
5931,85,22,N
5932,86,1,Y
5933,86,2,N
5934,86,3,N
5935,86,4,N
5936,86,5,N
5937,86,6,N
5938,86,7,N
5939,86,8,N
5940,86,9,N
5941,86,10,N
5942,86,11,N
5943,86,12,N
5944,86,13,N
5945,86,14,N
5946,86,15,N
5947,86,16,N
5948,86,17,N
5949,87,1,Y
5950,87,2,N
5951,87,3,N
5952,87,4,N
5953,87,5,N
5954,87,6,N
5955,87,7,N
5956,87,8,N
5957,87,9,N
5958,87,10,N
5959,87,11,N
5960,87,12,N
5961,87,13,N
5962,87,14,N
5963,87,15,N
5964,87,16,N
5965,87,17,N
5966,87,18,N
5967,87,19,N
5968,88,1,Y
5969,88,2,N
5970,88,3,N
5971,88,4,N
5972,88,5,N
5973,88,6,N
5974,88,7,N
5975,88,8,N
5976,88,9,N
5977,88,10,N
5978,88,11,N
5979,88,12,N
5980,88,13,N
5981,88,14,N
5982,88,15,N
5983,88,16,N
5984,88,17,N
5985,88,18,N
5986,88,19,N
5987,88,20,N
5988,88,21,N
5989,88,22,N
5990,88,23,N
5991,88,24,N
5992,88,25,N
5993,88,26,N
5994,89,1,Y
5995,89,2,N
5996,89,3,N
5997,89,4,N
5998,89,5,N
5999,89,6,N
6000,89,7,N
6001,89,8,N
6002,89,9,N
6003,89,10,N
6004,89,11,N
6005,89,12,N
6006,89,13,N
6007,89,14,N
6008,89,15,N
6009,89,16,N
6010,89,17,N
6011,89,18,N
6012,89,19,N
6013,89,20,N
6014,89,21,N
6015,89,22,N
6016,89,23,N
6017,89,24,N
6018,89,25,N
6019,89,26,N
6020,89,27,N
6021,89,28,N
6022,89,29,N
6023,89,30,N
6024,90,1,Y
6025,90,2,N
6026,90,3,N
6027,90,4,N
6028,90,5,N
6029,90,6,N
6030,90,7,N
6031,90,8,N
6032,90,9,N
6033,90,10,N
6034,90,11,N
6035,90,12,N
6036,90,13,N
6037,90,14,N
6038,90,15,N
6039,90,16,N
6040,90,17,N
6041,90,18,N
6042,90,19,N
6043,90,20,N
6044,91,1,Y
6045,91,2,N
6046,91,3,N
6047,91,4,N
6048,91,5,N
6049,91,6,N
6050,91,7,N
6051,91,8,N
6052,91,9,N
6053,91,10,N
6054,91,11,N
6055,91,12,N
6056,91,13,N
6057,91,14,N
6058,91,15,N
6059,92,1,Y
6060,92,2,N
6061,92,3,N
6062,92,4,N
6063,92,5,N
6064,92,6,N
6065,92,7,N
6066,92,8,N
6067,92,9,N
6068,92,10,N
6069,92,11,N
6070,92,12,N
6071,92,13,N
6072,92,14,N
6073,92,15,N
6074,92,16,N
6075,92,17,N
6076,92,18,N
6077,92,19,N
6078,92,20,N
6079,92,21,N
6080,93,1,Y
6081,93,2,N
6082,93,3,N
6083,93,4,N
6084,93,5,N
6085,93,6,N
6086,93,7,N
6087,93,8,N
6088,93,9,N
6089,93,10,N
6090,93,11,N
6091,94,1,Y
6092,94,2,N
6093,94,3,N
6094,94,4,N
6095,94,5,N
6096,94,6,N
6097,94,7,N
6098,94,8,N
6099,95,1,Y
6100,95,2,N
6101,95,3,N
6102,95,4,N
6103,95,5,N
6104,95,6,N
6105,95,7,N
6106,95,8,N
6107,96,1,Y
6108,96,2,N
6109,96,3,N
6110,96,4,N
6111,96,5,N
6112,96,6,N
6113,96,7,N
6114,96,8,N
6115,96,9,N
6116,96,10,N
6117,96,11,N
6118,96,12,N
6119,96,13,N
6120,96,14,N
6121,96,15,N
6122,96,16,N
6123,96,17,N
6124,96,18,N
6125,96,19,N
6126,97,1,Y
6127,97,2,N
6128,97,3,N
6129,97,4,N
6130,97,5,N
6131,98,1,Y
6132,98,2,N
6133,98,3,N
6134,98,4,N
6135,98,5,N
6136,98,6,N
6137,98,7,N
6138,98,8,N
6139,99,1,Y
6140,99,2,N
6141,99,3,N
6142,99,4,N
6143,99,5,N
6144,99,6,N
6145,99,7,N
6146,99,8,N
6147,100,1,Y
6148,100,2,N
6149,100,3,N
6150,100,4,N
6151,100,5,N
6152,100,6,N
6153,100,7,N
6154,100,8,N
6155,100,9,N
6156,100,10,N
6157,100,11,N
6158,101,1,Y
6159,101,2,N
6160,101,3,N
6161,101,4,N
6162,101,5,N
6163,101,6,N
6164,101,7,N
6165,101,8,N
6166,101,9,N
6167,101,10,N
6168,101,11,N
6169,102,1,Y
6170,102,2,N
6171,102,3,N
6172,102,4,N
6173,102,5,N
6174,102,6,N
6175,102,7,N
6176,102,8,N
6177,103,1,Y
6178,103,2,N
6179,103,3,N
6180,104,1,Y
6181,104,2,N
6182,104,3,N
6183,104,4,N
6184,104,5,N
6185,104,6,N
6186,104,7,N
6187,104,8,N
6188,104,9,N
6189,105,1,Y
6190,105,2,N
6191,105,3,N
6192,105,4,N
6193,105,5,N
6194,106,1,Y
6195,106,2,N
6196,106,3,N
6197,106,4,N
6198,107,1,Y
6199,107,2,N
6200,107,3,N
6201,107,4,N
6202,107,5,N
6203,107,6,N
6204,107,7,N
6205,108,1,Y
6206,108,2,N
6207,108,3,N
6208,109,1,Y
6209,109,2,N
6210,109,3,N
6211,109,4,N
6212,109,5,N
6213,109,6,N
6214,110,1,Y
6215,110,2,N
6216,110,3,N
6217,111,1,Y
6218,111,2,N
6219,111,3,N
6220,111,4,N
6221,111,5,N
6222,112,1,Y
6223,112,2,N
6224,112,3,N
6225,112,4,N
6226,113,1,Y
6227,113,2,N
6228,113,3,N
6229,113,4,N
6230,113,5,N
6231,114,1,Y
6232,114,2,N
6233,114,3,N
6234,114,4,N
6235,114,5,N
6236,114,6,N